,P1,P2,P3,P4,P5,P6,P7,P8,Y,Predictions,Dev_SqDists
10001,-1.33941417064,-0.410827598013,4.08005051479,-2.78570462569,-0.328986275488,-0.772274221949,0.348664613923,-0.526113445033,13.863146926,13.7349578298,0.0164324443961
10002,-1.4675563957,-0.242869103747,3.09386163589,-0.266594144799,0.0209615757177,-0.208970590321,-0.0571645681736,-0.207725129538,16.0274411974,15.1305973329,0.804328917285
10003,-5.54985367351,1.47193449481,-0.291243085639,2.45532548378,0.0866373805445,-0.502688176098,0.0856253851656,-1.68132244652,15.4553171422,15.1881830824,0.071360605912
10004,-1.13371210875,0.147243212685,-1.20658681262,-2.41483861157,-0.244906113783,-0.0399759940053,0.372180938453,-0.253340189618,14.0225281602,14.5452296195,0.273216815599
10005,0.165228287126,-0.347822290208,-0.453594569181,-0.271238620738,0.0396767985681,0.399197294956,-0.0952386231254,0.521310562934,15.3899521531,15.5152937333,0.0157105117262
10006,0.497159923903,-0.508421980525,-0.041305455484,-3.00255113895,0.108258416124,1.2990253803,-0.159036475726,-1.68191637284,15.8814102564,17.297437521,2.00513321413
10007,-0.377825773683,-0.210295866693,-0.144936935423,-1.91791795102,-0.205157239593,0.0317788036527,0.288087423475,0.118890811112,14.6839378238,14.6659132142,0.000324886550245
10009,-1.64763921092,0.150628641214,0.252761769604,-0.408050753485,0.029717291524,0.199875681953,0.0282895356872,-0.0953440881578,15.1057692308,15.6163991202,0.260742883952
10010,-1.06731384814,-0.0611195135729,0.510811056319,0.208900802302,-0.0275842733417,-0.0996799374037,0.0101674193992,0.215880620726,15.2050290135,14.879251457,0.10613101633
10011,-3.47660956878,0.794194886203,-0.194218411665,0.754117243515,-0.0304209489774,-0.24762076621,0.147530581573,-0.95583363089,14.8799164636,15.0668977354,0.0349619960062
10012,-3.39055814974,0.893855024987,-1.24769375975,2.03215962888,0.13834746644,-0.00727944017335,-0.0326251919751,-0.571160362862,15.1243624951,15.5731187644,0.201382189196
10013,-2.73216377109,0.365087022103,1.35063787197,-1.04902806862,0.096134724533,0.396320474766,-0.0561292874955,-1.0620306524,16.4342803622,16.4744744684,0.0016155661716
10014,-3.71953641836,0.915154319961,-0.675967142321,-1.23244904729,-0.104447949013,-0.107011383758,0.323958739583,-1.30524006452,15.1774313289,15.2440560873,0.00443885842972
10015,1.70546613778,8.61983263221,2.60022127514,-0.0552551801159,-6.35850277978,2.94749357544,0.08067892546,2.04396318304,7.0,5.70347351446,1.68098092772
10016,-1.79385965881,-0.0764703840548,2.45673047338,-2.61483490369,-0.0877732918363,0.171491308634,0.0855001130083,-0.83401201871,15.7531468531,15.7566417644,1.22144051583e-05
10017,-2.62308454072,0.55693134044,-0.560315511397,-0.95380965262,-0.0168762428954,0.199725615095,0.0917389571343,-0.912753640095,15.4055153707,15.710854195,0.0932317976311
10018,-1.64626905002,0.088736088158,0.884083244876,-1.42505451476,-0.103535165809,0.0727678582029,0.114033976749,-0.48345909299,15.7206595538,15.2997054775,0.17720233432
10019,-3.4679315086,0.384750776524,3.04282933573,0.130969806317,-0.121034392084,-0.863699016944,0.182913379132,-1.19307722049,14.7229965157,14.1913643377,0.282632772699
10020,-3.20649458814,1.50149402196,-6.26572367745,3.65260498425,-0.162238035469,-0.749592591622,0.480907825498,0.400427820448,11.8875968992,13.0453381699,1.3403648498
10021,-1.0563493198,0.150066643629,-1.03171450753,-0.771589576684,0.117639441422,0.876081689876,-0.0991851805643,-0.0444092293645,15.7208374875,16.6985496685,0.955921108843
10022,-2.65837096703,0.361385762499,1.15651865496,-0.117053169024,-0.0359118136968,-0.23382682638,0.0788297057372,-0.806515778779,14.9139526911,15.0740460018,0.025629868135
10023,-0.975162115867,0.00691749458787,-0.225042931863,-0.783971794525,-0.155531045956,-0.202145304566,0.191595002603,-0.014954273322,14.1897940913,14.4062517519,0.0468539188131
10024,-2.1899425193,0.657984688002,-2.36573677854,1.92871016216,0.159210358357,0.300443887429,-0.124006161075,-0.145683001843,15.489291598,15.7673351417,0.0773082121702
10025,-0.520156351256,-0.3049136191,1.0196491938,-0.0684582631748,0.146884198893,0.495391981293,-0.240301011294,0.0743833083235,16.4264705882,16.1739253672,0.0637790886528
10026,-0.668551433907,0.100270045796,-1.53231468162,-0.961036097696,0.0886755638328,0.766005593608,-0.155349706406,-0.00540518908929,16.5939524838,16.3110297553,0.0800452703053
10027,-1.42411346125,0.310717393145,-1.5083592082,1.68763412364,-0.0675117646717,-0.474224501948,0.147807883792,0.165567717199,15.4538198404,13.9182969781,2.35783046069
10028,-1.25619347065,0.13169806789,-0.521256971941,-0.14234464232,0.0180536210778,0.0895427370802,-0.0123291074056,0.00799680973133,15.2292682927,15.2048415639,0.000596665081377
10029,-0.33340904239,-0.370672453093,0.988239217227,-1.02239138231,-0.0924328345214,-0.00620214910324,0.0619362131143,0.454894206852,15.864321608,14.8831409998,0.962715385915
10030,0.329040096972,-0.341004948661,-0.472907302922,-0.801382863909,-0.266092856555,-0.712363642872,0.243167273415,1.17017595245,14.0523809524,12.9247659275,1.27151564448
10031,0.0149356778448,-0.344953559886,-0.00775386598798,-1.6687018226,-0.0504396664549,0.397361458346,0.0122052106353,0.337596897876,15.5383386581,15.4896206726,0.00237344210903
10032,0.00612739116045,-0.390601623087,0.319242286995,-3.16300740571,-0.132748781076,0.613288211457,0.108587914281,-0.193066760161,16.3176144244,15.8620101538,0.207575251346
10033,-0.127675022853,-0.27796658365,-0.156343973329,-0.289659770713,0.0695508538941,0.337982211037,-0.0366050567639,0.518383429636,15.7666666667,15.4988129214,0.0717456288554
10034,-0.215665202733,-0.240450552298,-0.272670292471,-2.51124428124,-0.0895155081315,0.50403409483,0.0862988589925,-0.0761234246807,15.7677100494,15.669486799,0.00964780692806
10035,0.0270467082088,-0.198729191302,-0.408371351918,-0.450200224722,-0.154488758402,0.194062970073,0.154349945964,0.959230716597,15.0544662309,14.8211753072,0.0544246550952
10036,-3.49588048652,0.513168017788,2.02873966322,-0.335209737674,-0.1168573211,-0.623647425037,0.205841949186,-1.16551380593,15.1906873614,14.541071334,0.422000983098
10037,0.574664550527,-0.380667307129,-0.285719472429,-0.368923164444,0.252669105273,0.654546623583,-0.455626032235,0.726617682035,16.6,16.0887409579,0.261385808161
10038,-0.304793791957,-0.331293369853,0.597832200555,-0.822920402449,-0.0660767928957,0.0136784580693,0.0456796721196,0.355092982484,15.4521575985,14.8925347232,0.313177762607
10039,0.48867565934,-0.407632071874,-0.462121228586,-0.0260934395455,-0.0209609102758,-0.0806488567118,0.0564591727868,1.17251534421,15.2833333333,14.3704784484,0.833304040923
10040,-0.0309820820274,-0.285202927521,-0.552344047547,-0.739469211793,-0.103294056799,0.0448558819526,0.129836798052,0.234226106795,15.476744186,14.6981756281,0.60616899931
10041,1.10070320765,2.40243666077,0.519644692793,0.120837631758,-2.79727288743,-1.01408805273,0.610264028165,-0.525056393177,11.0,7.11812047156,15.0689886733
10044,0.127889064568,-0.239107916225,-1.25302921122,-1.6460128898,-0.436666303201,-1.12452347745,0.593645416356,0.468940030337,11.8,11.8998160707,0.00996324797752
10048,1.0472211216,1.85219654938,0.334367030616,0.130516657931,1.22726774381,-2.96932379323,-3.91576979346,-1.30784250075,5.5,8.46863788173,8.81281087282
10055,0.815297230312,-0.531688794696,-0.462151100625,0.203976816525,-0.929486194716,-2.80221258264,1.18445741242,-1.75177535587,3.25,7.98965242104,22.4643050723
10057,0.814159625722,-0.54012735933,-0.462533101309,0.207223407462,-0.259119571021,1.00742674386,0.15189212584,-2.85080884087,17.0,16.2023586299,0.636231755265
10065,-0.741634447586,-0.127206260264,-0.0346046191114,-1.788699349,-0.0362954297602,0.44358015398,0.0472886085798,0.0621284934106,15.2228116711,15.791679219,0.323610287067
10069,0.723975955271,-0.511498209662,-0.55791898862,0.360598424563,0.132411614565,0.416805131321,-0.112126666408,-1.0629164679,16.3103448276,15.4731490765,0.700896725722
10075,-0.771175765995,0.0268185869543,-1.2650376479,-1.86114849102,0.0334970427477,0.824623722358,-0.0143675121031,0.0117086976474,15.5742725881,16.4671545477,0.797238193847
10103,0.989232439352,1.27673374981,0.154128712009,0.150294364918,2.0457839492,-2.58053278223,-2.31739732044,-1.49335234878,7.33333333333,9.96461407375,6.9236383349
10104,0.811684697779,-0.486599603751,-0.398945447125,0.214105840698,-0.295674466199,-1.12092416142,0.327920934095,-2.25698013936,16.3333333333,11.9571692222,19.1508123272
10105,0.818458070693,-0.476914231493,-0.43054578911,0.20647577176,-0.106937385411,-0.408499209881,0.248709400515,-2.44336544808,10.9285714286,13.4925463446,6.57396736981
10106,0.821972741778,-0.441771424592,-0.419440984546,0.205278618073,-0.934815529777,-1.41229271575,0.943969883884,-1.9561053582,8.44444444444,10.6526007227,4.87595414917
10107,1.02688504119,1.64406566461,0.266004138327,0.140973134221,-0.914973291945,-1.23975508488,-0.868779141545,-1.15368022384,8.33333333333,9.40168713747,1.14137985081
10110,1.00034501201,1.37185766313,0.175653961752,0.151675867562,-2.82340601597,-0.238065592377,-0.227617322033,-1.24594036125,8.0,9.92236514006,3.69548773174
10111,0.824015171546,-0.358764692346,-0.355336805269,0.211625937551,-0.233834092838,0.249878383317,0.17847999314,-2.50975852119,17.9666666667,14.5674030004,11.554993473
10112,-0.225281116151,-0.00958319630808,-1.68661344468,-1.08815203207,-0.627681165199,-1.1231181724,0.808300111056,0.917276287237,9.98850574713,11.6601126946,2.79426978686
10118,0.669711963422,-0.155647962087,-0.568369156253,0.498603868224,-0.284874150844,-1.53409388538,0.288519556682,-0.123201897827,11.4074074074,10.9352720101,0.222911833429
10119,-0.0804913885036,-0.0644425366146,-1.31820091005,-2.14625390131,-0.498702260997,-0.763004762969,0.58418749688,0.72700859398,13.6344086022,12.49844684,1.2904091251
10121,0.738738628437,-0.531812259224,-0.202159311956,-0.172955638393,-0.636573814791,-2.23166316486,0.811205962964,-0.110107527325,8.78082191781,9.48018468484,0.489108279907
10122,0.902954315422,0.372781688334,-0.157340006956,0.179184943765,0.795942225919,1.18624529853,-1.68818253959,-2.72611466033,15.5714285714,16.9996710802,2.03987666384
10123,0.866086096115,0.0122925700476,-0.267222352148,0.191834147457,-0.188922374676,-0.689331910892,0.121991706088,-2.02608128889,16.4285714286,12.4185447759,16.0803137555
10128,-1.03763543067,0.0659034033078,-0.774262291241,-1.42549245036,-0.038853346873,0.360516366677,0.0744093001938,-0.0244241010569,15.5872033024,15.5982029544,0.000120992344803
10153,0.842725800678,-0.188697940807,-0.311924744682,0.201305203608,-0.167879336574,-2.31123630743,-0.0712906353503,-1.87661378755,10.4285714286,9.57222135575,0.733335447274
10154,0.292119933346,4.36442133255,-0.603560688733,1.76361756211,-1.78517755719,1.2544150366,0.736560045857,1.52604488504,10.0,10.7869752914,0.619330109305
10155,0.813556162621,-0.549677373871,-0.46824407591,0.204319641286,-0.862393515912,-2.93564252059,1.17408754638,-1.69335429597,8.0,7.80640066537,0.0374807023694
10165,1.03389373787,2.40200435551,0.40140276801,0.233427874751,-1.67689586422,-0.0103268439854,-1.99658719311,0.445872790289,14.3333333333,10.7801308026,12.6252482245
10166,0.0695210121836,2.25442526629,-1.19399002362,0.247593743589,-1.30164303823,0.199446414826,-1.71091945766,1.01770471972,11.5,12.0791669151,0.335434315588
10167,0.876917094301,0.142644341034,-0.212634073714,0.190568863206,-1.35266211393,-1.83710814227,0.707883688304,-1.60469296182,8.875,8.97326817782,0.00965663477136
10168,0.838732386907,-0.229431425196,-0.325190493064,0.203658974247,-0.781530255758,-1.78271620552,0.43027070968,-1.86903824563,10.4285714286,9.99862017195,0.184858083092
10169,0.162238215521,-0.172007592606,-1.06525973832,-0.813796540783,-0.951257087749,-2.85604346621,1.08354997146,1.31562191595,6.0,7.91489377965,3.66681818733
10170,0.91366284065,0.501490059178,-0.103630823589,0.177323002116,-0.258642953206,-0.475940205685,-1.22815086796,-2.01317453878,12.5,12.6870431454,0.0349851382343
10171,0.89778981363,0.336832013306,-0.159714889952,0.181434487868,-1.02558835915,-2.13741198805,-0.0664542732486,-1.53844940217,6.2,8.68716867539,6.18600801984
10172,1.22620631114,3.69168112169,0.950031502148,0.0757850660487,5.94651483067,-2.36825538265,4.28915158867,0.181539089661,8.5,8.89261208308,0.154144247782
10173,1.00482807326,1.41700268307,0.18930526298,0.144341730154,0.737878448967,-2.34874495549,-3.83301316029,-1.52555901401,5.25,9.70816152256,19.8752041612
10174,0.852864372156,-0.10454659782,-0.295248583749,0.197920726138,-1.40777617669,-1.8392449165,0.857840245151,-1.66909888539,7.77777777778,9.13539792123,1.8431324539
10175,0.97673774108,1.14968771236,0.11314395795,0.157020630351,2.08911923784,-0.505575675808,0.863368387217,-1.68915027891,14.0,13.1547408171,0.714463086335
10176,-0.556136885063,2.60213815479,-1.72051617755,-4.3068083946,2.12156952199,1.0066808375,-3.39328902948,0.297206554414,14.7857142857,16.8563737308,4.28763053756
10179,1.113326493,2.53267380158,0.563780301708,0.11866014991,-3.29964021625,-0.141504504656,1.89988693771,-0.383097906395,6.0,7.87583581181,3.51875999288
10199,0.918850875391,0.537990819492,-0.100511344118,0.176743725305,1.24988196557,3.5777212311,-0.414355142004,-3.0135182926,15.3,21.4104437473,37.3375227888
10279,0.932998747232,0.678010117438,-0.0572438282529,0.170289401533,-1.19302410065,-2.11819344126,4.45862833621,-0.771453059743,2.0,6.83967465894,23.4224508044
10280,0.313025231605,-0.134028831953,-1.09537355592,0.304437949612,0.180184228482,0.0184411280812,-0.300356408364,0.521125506288,14.0,14.6607231561,0.436555088958
10281,0.197979645194,-0.150878640952,-0.891392836416,-1.03095646192,-0.822608984712,-1.61524710609,1.15439251172,0.810640809908,11.3218390805,10.3497680955,0.944921999965
10282,-0.704268996811,0.277942752448,-2.2629518314,-2.93078423261,-0.722563391899,-0.86126301134,0.979652433641,0.348328853964,11.3924050633,12.0262927231,0.401813565299
10285,0.779050515262,0.831454135233,-0.288113753038,0.453915285396,1.54019770497,2.04684439619,5.68558141804,-0.567893408,18.8461538462,16.5865601045,5.10576387732
10301,0.169120719469,-0.41147864754,0.0096526572161,-0.24198167841,-0.139782302879,-0.302266180712,0.210223516124,0.722308336206,14.6846153846,13.9853283567,0.48900234736
10302,0.327661189845,-0.419545833935,-0.252205983197,0.445054399068,-0.031531379082,0.0418405090943,-0.0151764803792,0.663313401418,16.4495912807,14.7232622148,2.9802120439
10303,0.5207870113,-0.429582508377,-0.349039371698,-0.0637941230165,0.0498877444082,0.438145675605,-0.154822768536,0.616729685006,16.4139534884,15.4969089863,0.840970618896
10304,0.331474397867,-0.391114156301,-0.388336131436,-0.10557516281,-0.000847095650479,0.186772718095,-0.0796586873459,0.759167775656,17.4631578947,15.0172010991,5.98270464592
10305,0.195686266552,-0.412151776973,-0.039604265033,0.27216140252,-0.0653123009942,-0.151934535402,0.0457888965811,0.852379639615,14.9613899614,14.3706801331,0.348938101296
10306,0.389018604922,-0.522647577072,0.49455066128,0.651115064697,-0.135851773318,-0.440357103061,0.0785259202755,0.945763827704,14.1571906355,13.7475643258,0.167793713632
10307,0.631705892548,-0.523051092083,-0.314836400717,0.185173720171,-0.248731203802,-0.669553501275,0.294566136919,0.769752513619,13.9645390071,13.0132355535,0.90497826078
10308,0.414115142803,-0.467390305755,-0.217810092922,-0.147075039189,-0.0382970910861,0.112017492625,0.0274050638413,0.434774522103,15.0271903323,14.8385626334,0.0355804088034
10309,0.355365030119,-0.472609027739,0.0742121388123,-0.909961278016,-0.155238076196,-0.195797375071,0.146169053381,0.250770491682,15.033492823,14.1537113499,0.774015440448
10310,0.439285691572,-0.470671118066,-0.238536045711,-0.142931237986,-0.0102660843361,0.183337431497,-0.0301564316714,0.663620937672,16.8945454545,15.0051573468,3.56978742157
10311,0.809154186457,-0.553476224983,-0.473858636219,0.213174255853,-0.0763844785216,0.525932621902,0.00829240979588,-0.606704668968,17.6,15.4760377481,4.51121564745
10312,0.462169021071,-0.517558325536,0.0947058294455,0.35254701564,-0.0701710995315,-0.14383154928,0.029003964994,0.770354276588,15.6893203883,14.3409941203,1.8179837249
10314,0.180563520707,-0.561387751796,1.22318917917,0.0390197671556,-0.0515165675315,-0.136889655472,-0.013745234921,0.528529839678,15.8333333333,14.5837851889,1.56137056519
10317,1.28108194499,4.25755169554,1.14067139003,0.0603605105719,7.33001687894,-0.102247158808,4.48354937239,-0.0292027049926,14.75,13.7095263855,1.08258534241
10451,0.269359924522,-0.571752162855,1.15035296466,-0.435827090704,-0.20861509096,-0.594430702013,0.26875566622,0.455457719908,13.7305045872,13.4495643763,0.0789274021255
10452,0.479003936028,-0.536991681986,0.558367442102,0.0349241746059,0.0726356447829,0.194850382569,0.114246536281,0.517972269629,15.213036566,15.0904645056,0.0150239099836
10453,0.572439768922,-0.579743574166,0.489148110582,0.547340693763,0.0969012345797,0.464354269343,-0.150820954596,-1.17694974097,15.1598023064,15.701312334,0.29323310995
10454,0.24600132243,-0.37580637153,-0.240518245021,-0.548726501074,0.224284828349,0.885517128424,-0.161033853405,0.581025385053,14.8396793587,16.6018129438,3.10511477186
10455,0.507810923835,-0.535398050788,0.539007403387,0.433532559712,0.26924295644,0.420692794493,0.771501299176,0.992741879715,15.2339449541,15.4600109262,0.0511058237538
10456,0.540549116702,-0.583237203656,0.446820895308,0.600191574153,0.0564384482956,0.198600748554,-0.0990999558817,-1.08094759413,14.3484848485,15.1616349802,0.661213136693
10457,0.613578451671,-0.512699741376,0.516002461696,0.444027323553,-0.0146485980024,-0.0191042200926,-0.0948693289015,0.771573245051,14.693359375,14.573763728,0.0143031187698
10458,-0.00877315327974,-0.461953359085,1.01995904382,0.746283626685,0.0246067026417,-0.0773316675647,-0.102638574586,0.457666757678,15.1645796064,14.7951758368,0.13645914501
10459,0.6462176424,-0.565145600623,0.348098229818,0.436511994232,0.138200818737,0.343734982806,-0.151944279938,-1.1100553872,14.3861788618,15.445237665,1.12160554859
10460,0.556790890773,-0.503021260306,0.106421746435,0.600803210121,-0.185555696604,-0.599723992922,0.216849800233,-0.696783524239,12.8766756032,13.2442652231,0.135122128668
10461,0.0883392628476,-0.44914564629,0.696198623032,0.716896424868,-0.0800041533891,-0.375491850949,0.0386312655532,0.721689369539,14.1333333333,14.0262606218,0.0114645655396
10462,0.117937554185,-0.441414437047,0.660794782486,0.649738217434,0.00160249431633,-0.14065344847,-0.0836128197998,0.488833013551,14.3890746934,14.5574518683,0.0283508730153
10463,0.0558590519056,-0.407011117981,0.394699784421,-0.808391081349,-0.171679500868,-0.200909021384,0.157753212543,0.425323710201,14.2449799197,14.2316860806,0.000176726157765
10464,0.19506590074,-0.151401648968,-0.925030137334,0.97362009351,0.383466582419,0.783712244605,-0.291197502576,0.536288360775,16.71875,16.3790274449,0.11541141442
10465,0.181049773989,-0.361904292737,-0.290544068892,0.359253024529,-0.00965283574597,0.00421165423072,-0.03474408677,0.446685814631,14.614379085,14.6998433458,0.00730413986555
10466,0.518170807205,-0.508926632648,0.418892367785,0.648279101482,0.114250167854,0.1767494546,-0.0879062676057,-0.927413127831,14.9705372617,15.1010897785,0.0170439596515
10467,0.320754499367,-0.581497132113,1.18884647075,0.210414361362,-0.0752875072428,-0.246592473216,-0.00910383381778,0.736682707093,14.614806867,14.2925775108,0.103831758028
10468,0.271197520984,-0.452885293571,0.350218286365,-0.894610232916,0.0533603686994,0.389819284755,-0.116789070052,0.455033008245,15.3681073025,15.5579089833,0.0360246780186
10469,0.474129777344,-0.503852658472,0.373149940561,-0.121165929091,0.103526953873,0.596466202058,-0.109915108923,0.381867032449,15.597972973,15.9300029696,0.110243918673
10470,0.485966297291,-0.351440672298,-0.300000331488,0.423081048119,-0.0166300631516,0.156455340254,-0.0639939236987,0.406348324507,14.8156028369,14.815532374,4.96501510402e-09
10471,0.405634293855,-0.353476865275,-0.302341414926,-0.49076146842,-0.000831489421468,-0.136198607596,-0.0786288099801,0.652933999804,13.8430656934,14.3144091019,0.22216460869
10472,0.484485474816,-0.537437316882,0.604597431406,0.290018765027,-0.0534249252987,0.00621953842532,0.00879945027539,0.822356536136,14.3492063492,14.6571349077,0.0948199971137
10473,0.757636335281,-0.450550517837,-0.117818292436,0.249117006673,0.101140184214,-0.00085335044144,0.0403773946974,1.92415560016,14.813253012,14.5160349679,0.0883385657107
10474,0.704250662187,-0.505071946419,-0.0884838239352,0.371609366266,-0.0316832976711,0.193917992035,0.0536065467775,-1.02814002838,13.8755364807,14.8674242145,0.983841276473
10475,0.416188702959,-0.371278870766,-0.184899202904,0.0393412736702,-0.224246977035,-0.478098832744,0.657206404893,-0.0770316896927,14.4093959732,13.2627069029,1.31489582405
10528,0.894812056882,2.35196242826,0.208216665782,-0.257851662532,2.127707953,-3.32970302677,-5.60342658278,2.30024277995,10.0,8.59682503718,1.96889997628
10605,0.713496557413,3.23840869618,0.106153656658,-0.650687892728,4.04837826051,0.547524089405,-1.83493207766,1.70833123293,14.8333333333,15.6612323672,0.685416810355
11001,0.737400879123,1.38634126609,-0.20044693639,-0.204638376359,1.5268230411,1.21037745469,2.1006375027,1.80819761692,16.9166666667,15.5481610901,1.87280751306
11004,0.479704206947,-0.349272639753,-0.5852701418,0.780534706341,0.0184315776499,0.654931261244,-0.168105211138,-1.08931664704,15.8756476684,15.8394625006,0.00130936636684
11005,0.901286453383,0.375557659559,-0.144888845683,0.181310563596,0.767673037635,0.827942113503,-2.01685127926,-2.69801306656,21.5,16.3852333242,26.1608381484
11040,0.297322165393,-0.0752473156747,-0.92292595546,-0.245971851322,0.011850615757,0.946572805477,-0.419505018266,0.598295785142,16.0517241379,16.3093960212,0.0663947994605
11101,-0.679745576698,-0.273139081772,1.12160530829,-0.143760380149,-0.00196980005168,0.00418946278476,-0.0434235316179,0.33702428327,14.9462705436,15.1061724117,0.0255686074341
11102,-0.331645606417,-0.118936756576,-0.824329487601,-1.3043879452,-0.124555535428,0.0136146791485,0.222698956806,0.540633661905,14.3131313131,14.5987351501,0.0815695516837
11103,-1.33116543053,0.12901748498,-0.472114433302,-1.35532855125,-0.0550236963008,0.259145645754,0.108409776463,-0.060030150588,14.4590163934,15.4826019821,1.0477274574
11104,-0.291675517473,-0.186377797992,-0.474600618482,-0.21845685349,0.0785127084985,0.304040182168,-0.0624689068913,0.285462321715,15.6558345643,15.4508369614,0.0420240172026
11105,-0.6535619617,-0.0380818726441,-0.839120741778,1.27052084848,0.101219047128,0.136731866646,-0.129255014109,0.550454494034,14.5296208531,15.2245259609,0.48289310889
11106,-0.974976986411,0.0610198019044,-0.804480457398,0.18298538505,0.124150619771,0.565845245823,-0.159897323751,0.204229753812,15.2803308824,16.1646704281,0.782056432137
11109,-1.21051906337,0.975067096676,-3.255567817,-1.41145811029,0.382728078548,0.0544042106028,-0.577755128851,0.286731529328,14.4054054054,14.745475183,0.115647453655
11201,-1.86361074164,0.195867138863,0.510907790471,0.823293648305,-0.0155523524546,-0.327389278402,0.0790898152296,-0.307340631705,14.4473180077,14.6239885638,0.0312124853784
11203,0.104004725412,-0.432450789543,0.511616788826,0.725040244602,0.134916846114,0.313946791841,-0.258138787854,0.640200026663,15.6852678571,15.5931672492,0.00848252198433
11204,0.1924543,-0.4451706649,0.378415881209,0.741998814072,0.217004310817,0.64376977941,-0.34842073686,0.304330422624,16.3589108911,16.2852334889,0.00542835959575
11205,-0.212197075745,-0.282131364071,0.111711337234,-0.743002932382,0.0620888099597,0.494796007173,-0.0759557160432,0.45076173206,14.8800436205,15.8596882742,0.959703647564
11206,-0.557278591009,-0.136836121354,-0.342740041587,0.189740058938,-0.0416706557761,0.0152419247406,0.0348024834001,0.546380197055,15.2355605889,14.8696044721,0.133923879451
11207,0.388314640144,-0.593595443439,0.935311875827,0.510846059925,0.0854210772599,0.24252825783,-0.208310602023,1.38409624295,15.1013363029,15.3988615069,0.0885212470225
11208,0.40834841706,-0.55115551378,0.525360569395,0.614990334768,0.233089585908,0.767998504856,-0.378162556886,0.521113763576,16.2639791938,16.5293427818,0.0704178338462
11209,-0.388869894681,-0.418491774229,1.58986364873,0.297417198288,-0.0655242970089,-0.353246405224,0.0355778342606,0.404896223904,14.4696569921,14.3201818398,0.0223428211491
11210,0.436590110516,-0.456070099802,0.287036691593,-0.427172622343,-0.00347307916656,0.0928941760318,0.187862857008,0.354906345737,15.0491159136,14.7555969067,0.0861534073985
11211,-1.38549528332,-0.0953171891619,1.64495383618,1.5313360211,0.0947827330564,-0.248217310998,-0.108545829309,0.324616703487,14.7346053773,14.937755918,0.0412701421731
11212,0.548242201852,-0.605824691782,0.735848586812,0.52619392961,0.0735079885003,0.171914892801,-0.149805740298,0.602552055056,15.5208333333,15.1569729258,0.13239439615
11213,0.54614124262,-0.568080821984,0.398462156566,0.595751079069,0.170557994289,0.563452630356,-0.248289353569,-1.01818808032,16.4964788732,15.9840364431,0.262597244186
11214,0.119261702846,-0.521764402282,1.14003369269,0.436406027862,0.112387737889,0.250201307727,-0.11654898057,0.655413869425,16.1792114695,15.4875523208,0.478392378009
11215,-1.13462764153,-0.216620145914,1.83521653519,-0.476352442625,-0.0292866131073,-0.12128402976,-0.00151023639534,-0.112827107615,15.0841908326,15.0301379028,0.00292171922167
11216,0.100241508583,-0.474655407225,0.815326926876,0.577618935727,0.0100731120127,-0.0556204885989,-0.044222196745,0.904466647157,15.5951374207,14.758717314,0.699598594821
11217,-0.72002619631,-0.251185824307,1.03780750245,-0.0717701409992,-0.106382269925,-0.363695005911,0.105185681604,0.391198973256,13.6705653021,14.2688630876,0.357960240104
11218,-0.209086913873,-0.304950505071,0.0811996403155,-0.727551571011,0.113062965863,0.726891330425,-0.17681461032,0.288534794162,16.1800894855,16.3997934122,0.0482698153966
11219,0.208394064303,-0.446524093182,0.240466622513,-0.298549041783,0.0508786435287,0.478213293063,-0.128845989923,0.281936887771,15.6554252199,15.7595515651,0.0108422957734
11220,-0.432609714988,-0.476347099168,2.21258505345,1.41883971788,0.231043871166,0.329989378659,-0.40206154739,0.180240985458,17.4576271186,16.0892638842,1.87241794127
11221,0.144882070833,-0.413224107135,0.150451301423,0.278646643246,-0.116442702715,-0.30997593449,0.0896084592814,1.09688250127,15.6123893805,14.0414001217,2.46800725141
11222,-0.430759249083,-0.303312329284,0.701383308715,-1.15268576843,-0.124814342753,-0.0484521656611,0.115530436223,0.287488798741,15.1922739245,14.7483316043,0.197084783635
11223,-0.615877754352,-0.131886734901,-0.0688694007234,1.98134853618,0.0470370275275,-0.289089547634,-0.0734917294497,0.492386159024,15.1207224335,14.4130132731,0.500852255744
11224,-0.395795514583,-0.063984620073,-1.27087919164,1.04729714876,-0.158824211689,-0.508612863683,0.209546690236,0.544045199346,13.6598984772,13.5494521193,0.0121983979666
11225,0.266023279111,-0.495045281331,0.440607892537,-0.231010482783,-0.140908578396,-0.311097273847,0.12043457947,0.898973438264,14.7903225806,14.0225051592,0.589543592613
11226,-0.145982691861,-0.407229977813,0.828380066582,1.34025713926,0.167576623206,0.287401224158,-0.273819095829,0.461326404455,15.7547923323,15.6884046468,0.00440732478881
11228,0.368861996335,-0.323253128908,-0.354401183449,0.818763887123,-0.0584534208513,0.209297515566,-0.0607584057009,1.24442396667,14.382183908,14.9220804695,0.291488297095
11229,-0.140891245353,-0.284455842337,0.015630542648,0.74377157961,0.133115653332,0.388149088094,-0.204584021223,0.565001836858,16.2514827995,15.7113306945,0.291764296576
11230,-0.820106976992,0.0965215549548,-1.44050483875,0.322500413473,0.17706726268,0.825797954201,-0.216733627483,-0.00901933475134,16.2510578279,16.6038756782,0.124480435517
11231,-0.617558684133,-0.0923061934462,-0.310768633215,0.513991278129,-0.0411240040568,-0.113068484423,0.0325481761843,0.548069948123,14.2096944152,14.6131809809,0.162801408667
11232,0.120316650195,-0.368870132223,0.0512710605469,0.684892609605,0.109388062966,0.35320899068,-0.174387595528,0.716079582114,16.6390977444,15.5515638859,1.18272989328
11233,-0.00132907514315,-0.251170332078,-0.661185227497,0.376244487405,-0.153220065751,-0.502880838461,0.246070404781,1.00270045548,15.5404624277,13.5150246729,4.10239809859
11234,0.215422173046,-0.508099539173,0.734170912935,0.123895945767,-0.0610164826977,-0.179189591536,0.0241945585803,0.839993481903,13.9719853837,14.4110297953,0.192759995343
11235,-0.193872284407,-0.326193355968,0.491209710262,1.00095682105,0.0995006441212,0.00439739660193,-0.100265696829,0.321974754721,15.0424300868,14.9822146044,0.00362590431718
11236,0.426927978504,-0.563265313175,0.603750520307,0.224216316157,0.0225126705145,0.124508300467,-0.08130072492,0.162167519131,15.2217261905,15.0307916173,0.0364560112413
11237,-0.0887836715728,-0.459679442345,1.11167473904,-0.0161513080244,-0.0557702768386,-0.155842443227,0.00031460692991,0.647017485535,15.5904590459,14.5914437413,0.99803157873
11238,-0.264875451286,-0.459191665823,1.57728794902,0.0693684903066,-0.0980502800321,-0.399574163298,0.0546415634776,0.590047636983,14.580715851,14.1693611734,0.169212670772
11239,0.40885575445,-0.245123416785,-0.696830382325,-1.41710469822,-0.55144562804,-1.73946476508,0.864714145023,0.202983577801,12.5333333333,10.3858493409,4.61168749761
11242,0.906702301086,0.413824263357,-0.140912990871,0.18507764815,-1.57560823985,5.18162948433,2.46035536736,-2.71671619352,18.2,21.5309099562,11.0949611363
11249,-0.379007721923,-0.281372526952,0.334085433814,-2.32583809071,-0.173154623413,0.0977295533473,0.211006669505,0.256117545385,15.1206140351,14.9125877521,0.0432749344183
11256,0.964343627526,1.00102401386,0.0508002704213,0.159150269281,-0.427205214953,-1.7011035442,-0.425628729203,-1.43751521309,10.0,9.42196483746,0.334124649129
11352,0.999791809612,1.36859390863,0.176022438058,0.150454760279,1.05614241522,1.99066328045,-2.01733666135,-2.48861341517,25.1666666667,17.8286608529,53.8463293236
11354,-1.2429764029,-0.175103234018,1.93014769676,2.63018314045,0.230601257399,-0.0213760049942,-0.371663081117,0.198116244673,17.1803278689,15.5618098211,2.6196006711
11355,-0.300427545221,-0.332069866687,0.68661861731,1.78508066756,0.283912203922,0.551409748125,-0.438158485764,0.40952344554,17.22,16.3537328375,0.75041879684
11356,0.41527404038,-0.430449861995,-0.326900059559,0.305168435325,-0.0523490826683,-0.0589093647678,0.00245757204226,0.679429280252,14.06,14.4682288557,0.166650798614
11357,0.441356826167,-0.476266982085,-0.0953233719747,0.312248737654,-0.00693633634286,0.0770251656756,-0.0605343169611,0.965588419138,14.0792838875,14.816134604,0.542948978408
11358,0.0890205917065,-0.437224323699,0.467820060396,0.928199278745,0.0990314574501,0.229386861501,-0.195580503552,0.707674619587,15.3767123288,15.3954504505,0.000351117203457
11360,0.409990049071,-0.368179966159,-0.789168144274,0.899665378293,0.0568309500783,0.248728401357,-0.095823559867,-1.02895648584,14.4640522876,15.1204417433,0.4308471175
11361,-0.389986746814,-0.168506731855,-0.54947900491,-0.453009787732,-0.0899357747628,0.0201291281142,0.116748506492,0.285434628687,14.2218978102,14.7526853797,0.281735443976
11362,0.160559039277,-0.30534406369,-0.791764648246,0.601623923202,0.106571854082,0.476198553073,-0.164513311014,0.515022485773,15.6777408638,15.6989263101,0.000448823136966
11363,0.596349425048,-0.441277040318,-0.635538290014,0.402642863109,-0.0511855873963,0.320108455325,-0.0364911138977,1.23224410251,15.08,15.1219304532,0.00175816290388
11364,0.258073166144,-0.356449280668,-0.633119621321,0.673547591186,0.173429575426,0.748673083987,-0.2763905191,0.465881113201,15.1642228739,16.3074715853,1.30701761613
11365,0.189194974088,-0.241996310499,-0.624256228378,-1.44112160862,-0.138756925654,0.106261399476,0.0286505964837,0.230462538158,14.420233463,14.65390548,0.0546026115226
11366,0.308950795739,-0.405960599074,-0.317112509641,0.0142852492702,-0.0676563569723,-0.0312982968847,0.0624977347548,-0.093453816193,15.3110465116,14.5268453809,0.614971413327
11367,0.286508660919,-0.347090517473,-0.494835382514,0.511197129868,0.0478958529478,0.28250142959,-0.166341953563,0.50237620341,14.9005847953,15.2493171762,0.121614273487
11368,-0.519230052756,-0.39601862211,1.81231659874,1.41128543142,0.0877783659181,-0.104196678447,-0.191218627832,0.292314372131,15.615640599,15.0430250922,0.327888518598
11369,0.424736399756,-0.506357035228,0.151101652504,0.256939554423,0.0223944810605,0.157452352509,-0.0811440614832,0.370555879165,13.8711433757,15.0397291016,1.36559259883
11370,0.131228719128,-0.260635142357,-1.16856475432,0.62856074345,0.102019482775,0.485564938874,-0.146192813275,0.778841110386,14.2191011236,15.6804672093,2.1355908365
11371,0.668481640574,-0.563322629723,-0.0987611669664,-0.778366545822,-0.520462729445,-1.37487747114,0.677665644365,-0.218508841918,12.0,11.337958244,0.43829928666
11372,-0.577833010209,-0.435064403237,2.25871140986,1.23587445342,0.28103103342,0.496143595259,-0.456596567569,0.00982668086975,16.4743533538,16.5075854547,0.00110437253265
11373,-0.594010114158,-0.234133306883,0.575899047505,1.28036191559,0.200293082641,0.430157212376,-0.29352290375,-0.0841177402866,16.1681850035,16.0784862896,0.00804585927024
11374,-0.0890631916284,-0.27693077766,-0.443761081317,-1.11539042443,-0.0662647700556,0.225604779659,0.0818790622079,0.164918260736,15.1115459883,15.1157797142,1.79244353879e-05
11375,-0.700970996248,-0.164205186552,0.216977945221,-1.56082019186,-0.0704198761166,0.243797576413,0.0828058093106,0.0326353149385,14.706557377,15.3814049165,0.455419201518
11377,-0.983246091097,-0.0244046596271,-0.157384210139,1.1082518136,0.125655104743,0.252895511165,-0.15797734621,0.245240894746,15.7244744745,15.6491806849,0.00566915475019
11378,0.208774011459,-0.388959983566,-0.300959366099,0.755153356363,0.152283575614,0.533312128414,-0.244638935404,0.811371010069,14.9922630561,15.9247106208,0.869458460949
11379,0.40346267191,-0.445612963203,-0.36765275869,0.0132433929507,-0.0651202770979,-0.00534280053402,0.0474979863698,1.01137629349,14.0,14.5692632711,0.324060671803
11385,-0.146530938714,-0.534230381115,1.89659795685,1.20639197925,0.0858875499446,-0.0747071313472,-0.20518606297,0.806858778468,14.9655808236,15.0284599504,0.0039537845928
11411,0.729410138828,-0.563745555105,-0.242994661773,0.240699391641,0.111240123479,0.560789216516,-0.188612994484,0.237745352316,17.8095238095,15.8064504526,4.01230287294
11412,0.680977224915,-0.57053589475,-0.0469359612691,0.375455506832,-0.0223397336861,0.0494921718256,0.0066826237066,-0.603163598539,14.0524344569,14.6875784154,0.403407848
11413,0.58849355984,-0.516349180225,-0.248840993423,0.541683477449,-0.0698583396559,-0.155271444585,0.0455088128746,0.808179603233,15.2105263158,14.2417271311,0.938571860294
11414,0.247081392064,-0.373175843315,-0.575237424761,-0.357045197854,0.0819571048521,0.60791436647,-0.131758511308,0.325218457183,14.7828746177,15.9416773271,1.34282371942
11415,0.13749528146,-0.312114890277,-0.81876577703,-1.02524231859,0.0399760783526,0.654623937144,-0.0554633784198,0.0322981204239,15.7298387097,15.9772104019,0.0611927541154
11416,0.636316094745,-0.545030035742,-0.148038127287,0.411766233721,0.24702158425,0.957819017008,-0.372653988711,0.43831636137,16.456445993,16.7708561354,0.0988537376191
11417,0.536642412165,-0.542343720775,0.100731633189,0.40600070098,0.0828835661189,0.360007696637,-0.173051886459,1.04116516954,16.0554216867,15.4791264962,0.332116146608
11418,0.434216966794,-0.524115711411,0.220130665844,0.302332672658,0.0188692792986,0.14960170162,-0.0847195209872,0.833963358695,15.5756385069,15.034975095,0.292316924919
11419,0.413165751402,-0.519495762091,0.246786575088,0.64681046747,0.161014701254,0.546049001175,-0.259817789445,0.468524004096,16.3711340206,15.9737392286,0.157922620708
11420,0.29195093225,-0.4778692224,0.161187431309,-1.16702088332,-0.0528501548086,0.279090929457,0.0309215025109,0.195411341917,14.3060498221,15.2278222197,0.84966435305
11421,0.516106601164,-0.554992699233,0.251160107375,0.0308642254999,0.00258698665875,0.165082650766,-0.0656030395531,0.710472749227,15.3305263158,15.0303499634,0.0901058425529
11422,0.528673638895,-0.496116052739,-0.284644780305,-0.0889980427578,0.0608851628664,0.456227569016,-0.105022586657,0.204993682838,15.3545816733,15.5858532098,0.0534865236067
11423,-0.0636271203721,-0.157675254475,-1.48778191691,1.68375204715,0.236958483975,0.696767171082,-0.299586914739,0.34035798992,16.4829268293,16.250514802,0.0540153504283
11426,0.378735650424,-0.40168344085,-0.669938195604,0.140512261458,0.0603162991868,0.426764434183,-0.100815285991,0.361207113106,14.0521327014,15.5190465389,2.15183620655
11427,0.493952305099,-0.439685140597,-0.665312021763,-0.0961863076693,-0.0428869357785,0.134962241021,0.0245311162559,1.15446517543,12.8403361345,14.8080550843,3.87191786522
11428,0.620108245613,-0.533941559404,-0.219438324758,-0.0670354160893,0.418870236775,1.68396155271,-0.591574626648,-0.249474183806,17.6007462687,18.3742308588,0.598278411062
11429,0.663821343429,-0.526639711504,-0.373303650167,0.402520970653,0.0983067792382,0.48140580532,-0.146468967711,-0.0735934151842,13.8622754491,15.6304940289,3.12659694581
11430,0.133688930487,-0.485410187331,0.712739851246,0.437649012122,-0.238014210654,-0.839099370917,0.263737811128,0.364360574001,13.2254901961,12.9472035907,0.0774434347454
11432,0.182002769965,-0.576454600565,1.3548139097,0.761009656455,0.0630428627327,0.0480737975865,-0.155544547164,0.220733713048,15.4320882852,15.0887516117,0.117880071346
11433,0.67760256374,-0.541945610507,-0.279165291381,0.418261973883,0.0492397809055,0.314843940169,-0.0776840748847,-0.809658986397,13.6581632653,15.2562457904,2.55386775698
11434,0.0758558998123,-0.334431732078,-0.380356076843,1.18077318309,-0.160870110308,-0.651671089073,0.185461663119,0.939796108984,14.3560090703,13.2785264238,1.16096885359
11435,0.317914029002,-0.505480075044,0.367262947195,0.153530708482,0.129723128206,0.542003664953,-0.224512291761,0.745041998303,15.047752809,15.9703460532,0.851178294223
11436,0.691093796442,-0.548216467894,-0.278452258637,-0.026636050293,0.01910189753,0.307698874477,-0.0653714028713,0.500073853873,16.1857142857,15.2135376925,0.945127328407
11451,0.811552021665,-0.565065123976,-0.469602578304,0.208759261945,0.80788167027,3.00547460208,-1.07719088582,-3.58414262264,18.375,21.3049255849,8.58446393329
11691,0.680570208416,-0.581593880628,0.0408697886612,0.39330702509,0.269543024867,1.04353097313,-0.376790249858,-1.17632919856,16.9110429448,16.9662922409,0.00305248472323
11692,0.643826106456,-0.491809540607,-0.606268486123,0.495160476717,-0.0317527598562,0.0502151248503,0.0383880386566,-0.999647870866,14.3230769231,14.6155273223,0.0855272359738
11693,0.468035182894,-0.45641751117,-0.461027402943,-0.332618371805,-0.12673520249,-0.114688163633,0.132159733255,1.1307476501,15.2203389831,14.2577642786,0.926550061655
11694,0.540444457166,-0.500240695991,-0.283362799359,-0.0641687379562,0.163778664728,0.804461671221,-0.261224067928,0.461179159278,15.1920289855,16.3849370406,1.42302962787
11697,0.712155892806,-0.521976264316,-0.57272766965,-0.0197572196013,0.687085637721,2.63586743842,-0.943934601425,-0.253813798857,18.4583333333,20.4687434225,4.04174872689
