,bar_rating,bar_rev_count,rest_rating,rest_rev_count,num_complaints,num_food_est,num_food_poi,num_smoking,num_restaurants,num_violations,num_Cviolations,num_amer,num_chi,num_jap,num_cafe,num_ita,num_latin,num_mex,num_pizza,num_span,avg_score,Predictions,Dev_SqDists
10001,4.0,283,4.3125,206,1.79647749511,1.21722113503,0.497064579256,0.0606653620352,511,16.0195694716,8.87084148728,0.342465753425,0.013698630137,0.0313111545988,0.0861056751468,0.0234833659491,0.00782778864971,0.0117416829746,0.0391389432485,0.00587084148728,13.863146926,13.9977861257,0.0181277140936
10002,4.26923076923,182,4.4375,304,1.82875264271,1.28752642706,0.384778012685,0.139534883721,473,19.2684989429,10.9386892178,0.262156448203,0.202959830867,0.0274841437632,0.0676532769556,0.0253699788584,0.0253699788584,0.0274841437632,0.0486257928118,0.0126849894292,16.0274411974,15.4730520659,0.307347309163
10003,4.06666666667,375,4.23529411765,1266,1.98391812865,1.30555555556,0.561403508772,0.0862573099415,684,19.7090643275,10.9897660819,0.273391812865,0.0233918128655,0.0979532163743,0.077485380117,0.0599415204678,0.0102339181287,0.0394736842105,0.0365497076023,0.00438596491228,15.4553171422,15.6120825289,0.0245753864771
10004,3.77272727273,266,3.95833333333,370,1.31386861314,0.956204379562,0.306569343066,0.014598540146,137,16.503649635,9.21897810219,0.306569343066,0.014598540146,0.021897810219,0.109489051095,0.043795620438,0.014598540146,0.029197080292,0.043795620438,0.0,14.0225281602,14.0997098596,0.00595701472007
10005,4.0,70,4.0,119,1.28787878788,0.939393939394,0.287878787879,0.0,66,19.0,10.8333333333,0.409090909091,0.0151515151515,0.0454545454545,0.121212121212,0.0606060606061,0.0,0.0,0.0454545454545,0.0,15.3899521531,15.3498932103,0.00160471890077
10006,3.83333333333,167,0.0,0,1.83720930233,1.37209302326,0.441860465116,0.0232558139535,43,22.7209302326,13.2790697674,0.46511627907,0.046511627907,0.0,0.0697674418605,0.0,0.0,0.0232558139535,0.0697674418605,0.0,15.8814102564,16.5614726428,0.462484849334
10007,3.875,184,4.0,190,2.11278195489,1.25563909774,0.676691729323,0.142857142857,133,17.0902255639,9.47368421053,0.353383458647,0.00751879699248,0.0451127819549,0.0977443609023,0.0375939849624,0.0,0.0300751879699,0.0451127819549,0.00751879699248,14.6839378238,14.5992008987,0.00718034648315
10009,4.36363636364,210,4.31818181818,444,1.85,1.20666666667,0.453333333333,0.153333333333,300,19.8733333333,10.7766666667,0.353333333333,0.0366666666667,0.0566666666667,0.0466666666667,0.0433333333333,0.0366666666667,0.0266666666667,0.0533333333333,0.0233333333333,15.1057692308,15.0050078249,0.0101528609287
10010,4.21428571429,138,4.28571428571,330,1.90421455939,1.31800766284,0.524904214559,0.0421455938697,261,18.0459770115,10.3026819923,0.333333333333,0.0383141762452,0.0229885057471,0.103448275862,0.0766283524904,0.00766283524904,0.0306513409962,0.0344827586207,0.0,15.2050290135,15.2178102056,0.000163358870329
10011,4.0,296,4.17857142857,834,2.14377682403,1.30472103004,0.712446351931,0.0922746781116,466,18.7575107296,10.7081545064,0.334763948498,0.0236051502146,0.0557939914163,0.0751072961373,0.0708154506438,0.0107296137339,0.0321888412017,0.049356223176,0.0300429184549,14.8799164636,15.0079216699,0.0163853328326
10012,4.19230769231,235,4.33333333333,875,1.81725888325,1.22842639594,0.454314720812,0.104060913706,394,19.9796954315,11.0431472081,0.322335025381,0.010152284264,0.0583756345178,0.0786802030457,0.104060913706,0.0152284263959,0.0355329949239,0.0380710659898,0.010152284264,15.1243624951,15.648966485,0.275209346195
10013,4.11538461538,317,4.25,605,2.03941908714,1.36721991701,0.50622406639,0.147302904564,482,21.8029045643,12.6390041494,0.232365145228,0.161825726141,0.0373443983402,0.0933609958506,0.116182572614,0.00829875518672,0.0124481327801,0.0186721991701,0.00207468879668,16.4342803622,16.2151555365,0.0480156892356
10014,4.05,405,4.04545454545,871,1.59284116331,1.03803131991,0.375838926174,0.147651006711,447,18.7651006711,10.5704697987,0.308724832215,0.0156599552573,0.0357941834452,0.0782997762864,0.0961968680089,0.0111856823266,0.0246085011186,0.0380313199105,0.0178970917226,15.1774313289,15.0970943582,0.00645402885988
10015,0.0,0,0.0,0,970.0,657.0,284.0,22.0,1,2.0,1.0,0.0,0.0,0.0,0.0,0.0,0.0,0.0,0.0,0.0,7.0,6.89285714286,0.0114795918367
10016,4.15,314,4.16666666667,358,1.51333333333,1.0,0.448888888889,0.0511111111111,450,20.06,11.64,0.282222222222,0.0377777777778,0.0688888888889,0.0622222222222,0.0466666666667,0.00444444444444,0.0266666666667,0.04,0.00222222222222,15.7531468531,15.7470232169,3.74989204499e-05
10017,3.8125,310,4.14285714286,657,1.91253644315,1.40233236152,0.475218658892,0.0145772594752,343,19.6443148688,11.2886297376,0.320699708455,0.0262390670554,0.0816326530612,0.113702623907,0.0553935860058,0.00291545189504,0.0204081632653,0.0349854227405,0.00583090379009,15.4055153707,15.5579512933,0.0232367104946
10018,4.0,254,4.16666666667,406,3.5625,2.35416666667,1.07142857143,0.0684523809524,336,18.8720238095,10.8630952381,0.377976190476,0.0327380952381,0.0297619047619,0.077380952381,0.0357142857143,0.00892857142857,0.0119047619048,0.0386904761905,0.00297619047619,15.7206595538,15.5278172512,0.0371881536864
10019,4.09090909091,314,4.15384615385,701,0.0721649484536,0.0412371134021,0.0279823269514,0.00294550810015,679,17.5139911635,9.93372606775,0.40500736377,0.020618556701,0.0530191458027,0.0544918998527,0.0618556701031,0.0103092783505,0.0250368188513,0.0382916053019,0.0,14.7229965157,15.0214038573,0.0890469415037
10020,4.0,163,4.25,1053,8.12765957447,5.40425531915,2.27659574468,0.340425531915,47,13.2553191489,7.21276595745,0.574468085106,0.0,0.0425531914894,0.0425531914894,0.0,0.0,0.0212765957447,0.0,0.0,11.8875968992,14.0335117027,4.60495034371
10021,4.07142857143,186,4.25,373,5.55333333333,3.68,1.54,0.26,150,21.66,12.26,0.266666666667,0.04,0.0666666666667,0.08,0.133333333333,0.00666666666667,0.02,0.0333333333333,0.0,15.7208374875,15.7297241512,7.89727911091e-05
10022,3.9375,270,4.25,611,1.26980728051,0.875802997859,0.351177730193,0.0235546038544,467,18.8458244111,10.7323340471,0.374732334047,0.0278372591006,0.0642398286938,0.0642398286938,0.0706638115632,0.00214132762313,0.0149892933619,0.0256959314775,0.00428265524625,14.9139526911,15.1428476878,0.0523929195274
10023,3.88888888889,178,3.92857142857,326,3.26530612245,2.30612244898,0.867346938776,0.0408163265306,196,16.7653061224,9.27040816327,0.311224489796,0.015306122449,0.0204081632653,0.0867346938776,0.0867346938776,0.00510204081633,0.0204081632653,0.0459183673469,0.00510204081633,14.1897940913,14.3543507125,0.0270788815864
10024,4.05,153,4.02941176471,682,3.21134020619,2.28865979381,0.814432989691,0.0567010309278,194,19.6958762887,11.4587628866,0.242268041237,0.0360824742268,0.0567010309278,0.0927835051546,0.103092783505,0.020618556701,0.020618556701,0.0412371134021,0.0,15.489291598,15.8483339023,0.128911376253
10025,4.04545454545,108,4.10714285714,200,1.15189873418,0.860759493671,0.248945147679,0.0210970464135,237,21.0632911392,11.8691983122,0.189873417722,0.0590717299578,0.042194092827,0.0675105485232,0.0379746835443,0.0295358649789,0.0379746835443,0.0759493670886,0.0042194092827,16.4264705882,15.9864259419,0.193639290703
10026,3.72222222222,167,4.13636363636,314,6.86666666667,5.04,1.69333333333,0.0533333333333,75,20.5866666667,11.5733333333,0.306666666667,0.0666666666667,0.0,0.0666666666667,0.0266666666667,0.0,0.0266666666667,0.04,0.0266666666667,16.5939524838,16.3761134646,0.0474538382761
10027,3.66666666667,104,4.0,497,3.08771929825,2.20467836257,0.760233918129,0.093567251462,171,15.7894736842,8.81286549708,0.292397660819,0.0643274853801,0.0292397660819,0.0760233918129,0.0292397660819,0.0233918128655,0.00584795321637,0.0409356725146,0.0116959064327,15.4538198404,14.8146094808,0.408589883864
10028,4.05555555556,171,4.125,401,2.98564593301,2.32057416268,0.598086124402,0.0334928229665,209,18.5980861244,10.3444976077,0.277511961722,0.0239234449761,0.066985645933,0.0574162679426,0.0909090909091,0.00478468899522,0.0334928229665,0.0574162679426,0.00478468899522,15.2292682927,15.150131434,0.00626264240988
10029,4.22222222222,137,4.46666666667,151,0.533333333333,0.342857142857,0.171428571429,0.0142857142857,210,17.7666666667,10.3,0.138095238095,0.12380952381,0.0142857142857,0.0333333333333,0.0190476190476,0.0571428571429,0.104761904762,0.0952380952381,0.0238095238095,15.864321608,15.8602650887,1.64553489703e-05
10030,4.33333333333,82,4.21428571429,82,6.81818181818,5.27272727273,1.45454545455,0.0227272727273,44,13.3181818182,6.79545454545,0.136363636364,0.0909090909091,0.0,0.0454545454545,0.0,0.0454545454545,0.0,0.0454545454545,0.0,14.0523809524,14.2297643217,0.0314648597123
10031,3.95,143,4.21428571429,112,2.61165048544,1.88349514563,0.650485436893,0.0291262135922,103,18.9126213592,10.572815534,0.184466019417,0.106796116505,0.00970873786408,0.0485436893204,0.0582524271845,0.0582524271845,0.0776699029126,0.0679611650485,0.0679611650485,15.5383386581,15.5225682071,0.000248707124563
10032,3.33333333333,210,4.27777777778,80,2.32478632479,1.49572649573,0.786324786325,0.034188034188,117,19.4358974359,11.2564102564,0.179487179487,0.111111111111,0.0,0.042735042735,0.017094017094,0.153846153846,0.042735042735,0.0854700854701,0.0598290598291,16.3176144244,16.0702828331,0.0611729160748
10033,4.0,92,4.3125,165,2.48275862069,1.75,0.456896551724,0.25,116,19.1896551724,10.6465517241,0.0775862068966,0.0948275862069,0.00862068965517,0.0172413793103,0.00862068965517,0.155172413793,0.0431034482759,0.120689655172,0.129310344828,15.7666666667,15.465899683,0.0904607784651
10034,3.58333333333,199,4.10714285714,155,2.92307692308,2.08653846154,0.740384615385,0.0192307692308,104,19.2980769231,10.4807692308,0.221153846154,0.0576923076923,0.00961538461538,0.0192307692308,0.00961538461538,0.240384615385,0.0769230769231,0.0673076923077,0.0865384615385,15.7677100494,15.5799791821,0.0352428785479
10035,4.5,89,4.3,145,12.3950617284,8.02469135802,3.72839506173,0.469135802469,81,17.6790123457,9.61728395062,0.222222222222,0.111111111111,0.0123456790123,0.0246913580247,0.0617283950617,0.0493827160494,0.0493827160494,0.0864197530864,0.0493827160494,15.0544662309,14.9512902926,0.0106452742517
10036,4.16666666667,340,4.16666666667,738,0.194762684124,0.132569558101,0.0605564648118,0.00163666121113,611,18.0081833061,10.1047463175,0.430441898527,0.0180032733224,0.0278232405892,0.0621931260229,0.0589198036007,0.0114566284779,0.0245499181669,0.0294599018003,0.00818330605565,15.1906873614,15.2091504955,0.000340887321006
10037,4.0,44,4.16666666667,35,12.6363636364,9.72727272727,2.51515151515,0.151515151515,33,20.4545454545,11.0909090909,0.242424242424,0.181818181818,0.0,0.030303030303,0.0,0.0,0.0,0.030303030303,0.0606060606061,16.6,15.8788447745,0.520064859334
10038,4.15,127,4.15384615385,163,0.642857142857,0.505494505495,0.115384615385,0.0164835164835,182,17.7692307692,10.2252747253,0.291208791209,0.0604395604396,0.032967032967,0.0824175824176,0.043956043956,0.00549450549451,0.0274725274725,0.032967032967,0.010989010989,15.4521575985,15.098828454,0.124841484341
10039,4.5,35,4.125,61,5.27272727273,3.87878787879,1.0303030303,0.333333333333,33,16.3939393939,9.27272727273,0.121212121212,0.121212121212,0.0,0.030303030303,0.0,0.0,0.0,0.151515151515,0.0,15.2833333333,14.3714216283,0.831582957726
10040,3.57142857143,106,3.83333333333,154,0.311688311688,0.220779220779,0.0779220779221,0.012987012987,77,17.1818181818,9.61038961039,0.116883116883,0.0649350649351,0.0,0.012987012987,0.025974025974,0.194805194805,0.038961038961,0.0779220779221,0.12987012987,15.476744186,15.3928463666,0.00703884409816
10041,0.0,0,0.0,0,313.0,212.0,92.0,6.0,1,2.0,1.0,1.0,0.0,0.0,0.0,0.0,0.0,0.0,0.0,0.0,11.0,10.1952380952,0.647641723356
10044,3.5,137,3.5,137,1.75,1.75,0.0,0.0,8,10.625,5.5,0.125,0.125,0.125,0.125,0.0,0.0,0.0,0.125,0.0,11.8,12.5165234334,0.51340583066
10048,0.0,0,0.0,0,248.0,190.0,55.0,3.0,1,3.0,1.0,1.0,0.0,0.0,0.0,0.0,0.0,0.0,0.0,0.0,5.5,6.99523809524,2.23573696145
10055,0.0,0,0.0,0,3.0,2.0,1.0,0.0,1,2.0,2.0,1.0,0.0,0.0,0.0,0.0,0.0,0.0,0.0,0.0,3.25,4.72255490324,2.16841794306
10057,0.0,0,0.0,0,3.0,0.0,3.0,0.0,1,20.0,14.0,1.0,0.0,0.0,0.0,0.0,0.0,0.0,0.0,0.0,17.0,17.1151573764,0.0132612213347
10065,4.21428571429,205,4.25,258,0.0893854748603,0.0558659217877,0.0335195530726,0.0,179,19.7039106145,10.938547486,0.290502793296,0.0111731843575,0.0614525139665,0.0670391061453,0.0893854748603,0.0167597765363,0.00558659217877,0.0558659217877,0.0,15.2228116711,15.4272823493,0.0418082582272
10069,0.0,0,4.0,23,1.2,1.0,0.0,0.2,5,18.6,11.6,0.6,0.0,0.2,0.0,0.0,0.0,0.0,0.0,0.0,16.3103448276,16.3492985386,0.00151739159925
10075,4.0,214,4.38888888889,309,0.010101010101,0.010101010101,0.0,0.0,99,20.6464646465,12.0303030303,0.191919191919,0.040404040404,0.0808080808081,0.0505050505051,0.161616161616,0.0,0.020202020202,0.0606060606061,0.010101010101,15.5742725881,15.6509957291,0.00588644036666
10103,0.0,0,0.0,0,190.0,145.5,35.5,5.5,2,6.5,2.5,0.0,0.0,0.0,0.5,0.0,0.0,0.0,0.0,0.0,7.33333333333,7.29579753363,0.00140893625929
10104,0.0,0,0.0,0,8.0,6.2,1.6,0.0,5,11.0,7.0,0.4,0.0,0.0,0.2,0.2,0.0,0.0,0.0,0.0,16.3333333333,15.2899943857,1.08855615968
10105,0.0,0,0.0,0,9.0,6.5,2.0,0.5,2,14.5,9.0,0.5,0.0,0.0,0.5,0.0,0.0,0.0,0.0,0.0,10.9285714286,12.0519037513,1.26187550727
10106,0.0,0,0.0,0,13.0,7.5,5.5,0.0,2,9.5,3.5,0.5,0.0,0.0,0.0,0.5,0.0,0.0,0.0,0.0,8.44444444444,10.6931978336,5.05689180543
10107,0.0,0,0.0,0,231.0,163.0,62.0,4.0,1,7.0,2.0,0.0,0.0,0.0,1.0,0.0,0.0,0.0,0.0,0.0,8.33333333333,7.74909297052,0.341336801535
10110,0.0,0,0.0,0,204.0,137.0,65.0,0.0,1,9.0,3.0,0.0,0.0,0.0,0.0,0.0,0.0,0.0,0.0,0.0,8.0,9.67721888567,2.81306319046
10111,0.0,0,0.0,0,22.0,14.4,6.8,0.6,5,17.4,10.0,0.6,0.0,0.0,0.0,0.0,0.0,0.0,0.0,0.0,17.9666666667,16.6392007086,1.7621658699
10112,4.0,140,4.0,232,8.27777777778,5.22222222222,2.72222222222,0.277777777778,18,10.1666666667,5.27777777778,0.388888888889,0.0,0.0,0.0555555555556,0.0555555555556,0.0,0.0,0.0,0.0,9.98850574713,12.6237974414,6.94476231392
10118,0.0,0,4.5,46,33.7142857143,24.8571428571,7.85714285714,1.0,7,9.0,4.57142857143,0.142857142857,0.0,0.0,0.142857142857,0.0,0.0,0.142857142857,0.0,0.0,11.4074074074,11.4079943702,3.44525281629e-07
10119,4.0,176,4.0,176,12.0,8.38095238095,3.2380952381,0.238095238095,21,11.9523809524,6.19047619048,0.238095238095,0.0,0.047619047619,0.142857142857,0.0952380952381,0.0,0.0,0.0952380952381,0.0,13.6344086022,13.9692799341,0.112138808913
10121,4.0,22,0.0,0,3.66666666667,3.08333333333,0.541666666667,0.0416666666667,24,5.58333333333,3.125,0.416666666667,0.0,0.0,0.0,0.0,0.0,0.0,0.0416666666667,0.0,8.78082191781,9.31316570927,0.283389912303
10122,0.0,0,0.0,0,97.0,72.0,23.0,2.0,1,22.0,14.0,1.0,0.0,0.0,0.0,0.0,0.0,0.0,0.0,0.0,15.5714285714,15.9248647486,0.12491713137
10123,0.0,0,0.0,0,60.5,42.5,15.0,1.5,2,13.5,5.5,0.0,0.0,0.0,0.0,0.0,0.0,0.0,0.0,0.0,16.4285714286,15.1765358561,1.5675930748
10128,4.0625,213,4.21428571429,349,0.993827160494,0.771604938272,0.216049382716,0.00617283950617,162,19.1666666667,10.6666666667,0.234567901235,0.0679012345679,0.0432098765432,0.0555555555556,0.0925925925926,0.0,0.0308641975309,0.0802469135802,0.00617283950617,15.5872033024,15.4501994905,0.0187700444673
10153,0.0,0,0.0,0,38.25,30.25,7.25,0.25,4,5.75,3.25,0.25,0.0,0.0,0.5,0.0,0.0,0.0,0.0,0.0,10.4285714286,10.1229252736,0.093419572046
10154,0.0,0,4.5,270,469.0,317.0,130.0,14.0,1,11.0,5.0,0.0,0.0,0.0,0.0,0.0,0.0,0.0,0.0,0.0,10.0,13.7695318217,14.2093701551
10155,0.0,0,0.0,0,1.0,1.0,0.0,0.0,1,2.0,1.0,0.0,0.0,0.0,1.0,0.0,0.0,0.0,0.0,0.0,8.0,6.55224489796,2.09599483548
10165,0.0,0,4.0,18,307.0,215.0,87.0,3.0,1,9.0,6.0,1.0,0.0,0.0,0.0,0.0,0.0,0.0,0.0,0.0,14.3333333333,13.4627334179,0.757944212769
10166,3.0,72,3.5,247,244.0,171.0,69.0,2.0,1,11.0,8.0,0.0,0.0,0.0,0.0,0.0,0.0,0.0,0.0,1.0,11.5,15.1269803951,13.1549867867
10167,0.0,0,0.0,0,74.3333333333,50.3333333333,22.6666666667,0.666666666667,3,5.33333333333,2.33333333333,1.0,0.0,0.0,0.0,0.0,0.0,0.0,0.0,0.0,8.875,6.81656850868,4.23714020444
10168,0.0,0,0.0,0,34.75,24.75,10.0,0.0,4,7.5,3.25,0.25,0.0,0.0,0.25,0.0,0.0,0.0,0.0,0.0,10.4285714286,10.1586255633,0.0728707701899
10169,3.5,97,4.0,138,11.0952380952,8.2380952381,2.7619047619,0.0,21,1.66666666667,0.666666666667,0.0952380952381,0.047619047619,0.0,0.047619047619,0.0,0.0,0.047619047619,0.047619047619,0.0,6.0,6.58519504791,0.342453244093
10170,0.0,0,0.0,0,110.5,80.5,29.0,0.5,2,14.0,6.0,0.0,0.0,0.0,0.5,0.0,0.0,0.0,0.0,0.0,12.5,13.7404695211,1.5387646329
10171,0.0,0,0.0,0,93.5,67.0,26.0,0.5,2,5.0,1.0,1.0,0.0,0.0,0.0,0.0,0.0,0.0,0.0,0.0,6.2,6.27238095238,0.0052390022676
10172,0.0,0,0.0,0,450.0,319.0,85.0,40.0,1,4.0,2.0,0.0,0.0,0.0,0.0,0.0,0.0,0.0,0.0,0.0,8.5,6.80476190476,2.87383219955
10173,0.0,0,0.0,0,203.0,156.0,46.0,0.0,1,7.0,1.0,0.0,0.0,0.0,1.0,0.0,0.0,0.0,0.0,0.0,5.25,5.8589569161,0.370828525669
10174,0.0,0,0.0,0,48.3333333333,32.0,16.3333333333,0.0,3,6.0,2.0,0.333333333333,0.0,0.0,0.0,0.0,0.0,0.0,0.0,0.0,7.77777777778,7.23412325661,0.295560238386
10175,0.0,0,0.0,0,180.0,129.5,36.5,14.0,2,13.5,8.5,0.0,0.0,0.0,0.0,0.0,0.0,0.0,0.5,0.0,14.0,14.4007279996,0.160582929675
10176,4.0,326,4.0,327,251.5,188.5,55.0,6.5,2,21.0,10.5,0.5,0.0,0.0,0.0,0.0,0.0,0.0,0.0,0.0,14.7857142857,15.7572322723,0.94384719821
10179,0.0,0,0.0,0,329.0,217.0,99.0,8.0,1,5.0,1.0,1.0,0.0,0.0,0.0,0.0,0.0,0.0,0.0,0.0,6.0,7.1580952381,1.3411845805
10199,0.0,0,0.0,0,117.0,80.0,29.0,7.0,1,33.0,19.0,1.0,0.0,0.0,0.0,0.0,0.0,0.0,0.0,0.0,15.3,16.7159105181,2.00480259514
10279,0.0,0,0.0,0,134.0,84.0,37.0,12.0,1,1.0,0.0,0.0,0.0,0.0,0.0,0.0,0.0,0.0,0.0,0.0,2.0,4.02031746032,4.08168264046
10280,3.5,36,3.75,128,18.7777777778,14.4444444444,3.77777777778,0.444444444444,9,16.7777777778,9.88888888889,0.222222222222,0.0,0.0,0.0,0.0,0.0,0.222222222222,0.111111111111,0.0,14.0,15.5073695725,2.27216302812
10281,3.35714285714,104,3.6875,123,17.0740740741,10.7037037037,5.33333333333,0.962962962963,27,7.14814814815,4.25925925926,0.37037037037,0.037037037037,0.037037037037,0.0740740740741,0.037037037037,0.0,0.037037037037,0.037037037037,0.0,11.3218390805,11.3513957733,0.000873598087619
10282,3.5,261,4.16666666667,323,15.5882352941,10.2352941176,4.76470588235,0.588235294118,17,10.7647058824,5.29411764706,0.647058823529,0.0,0.0,0.0,0.0588235294118,0.0,0.0588235294118,0.0,0.0,11.3924050633,12.0694148876,0.458342302156
10285,0.0,0,3.0,45,144.0,88.0,33.0,23.0,2,22.5,13.0,1.0,0.0,0.0,0.0,0.0,0.0,0.0,0.0,0.0,18.8461538462,17.1623178887,2.83530353192
10301,3.9375,67,4.125,101,0.536082474227,0.298969072165,0.0721649484536,0.164948453608,97,15.7628865979,8.76288659794,0.298969072165,0.0721649484536,0.0103092783505,0.0309278350515,0.0515463917526,0.0515463917526,0.0721649484536,0.0927835051546,0.0412371134021,14.6846153846,14.2919348834,0.154197976023
10302,3.625,25,4.15,90,1.37313432836,0.910447761194,0.432835820896,0.0298507462687,67,17.3880597015,9.89552238806,0.194029850746,0.179104477612,0.0149253731343,0.0,0.0,0.044776119403,0.134328358209,0.119402985075,0.0298507462687,16.4495912807,16.0431705583,0.165177803633
10303,3.75,34,4.0,50,5.48648648649,3.91891891892,1.45945945946,0.108108108108,37,19.1351351351,10.5945945946,0.189189189189,0.108108108108,0.027027027027,0.0540540540541,0.0540540540541,0.0810810810811,0.0,0.027027027027,0.108108108108,16.4139534884,15.134431042,1.6371776908
10304,3.8,50,4.375,87,2.85185185185,2.18518518519,0.666666666667,0.0,54,18.0,9.98148148148,0.259259259259,0.12962962963,0.0,0.0,0.0185185185185,0.037037037037,0.0925925925926,0.148148148148,0.0555555555556,17.4631578947,16.8074432921,0.429961640025
10305,4.125,42,4.14285714286,105,0.478723404255,0.382978723404,0.0851063829787,0.0106382978723,94,16.8404255319,9.06382978723,0.18085106383,0.0851063829787,0.0212765957447,0.0106382978723,0.159574468085,0.0,0.031914893617,0.127659574468,0.0,14.9613899614,14.3763973828,0.342216317057
10306,4.0,9,4.125,53,1.73214285714,1.19642857143,0.535714285714,0.0,112,15.4910714286,8.58928571429,0.214285714286,0.107142857143,0.0535714285714,0.00892857142857,0.0714285714286,0.00892857142857,0.0178571428571,0.133928571429,0.0178571428571,14.1571906355,14.3264898727,0.0286622317059
10307,3.27777777778,14,4.0,29,0.0333333333333,0.0,0.0,0.0333333333333,30,13.3666666667,7.73333333333,0.2,0.0666666666667,0.0333333333333,0.0333333333333,0.166666666667,0.0,0.0333333333333,0.133333333333,0.0333333333333,13.9645390071,13.9761540374,0.000134908928737
10308,3.45454545455,45,3.88461538462,63,0.0175438596491,0.0,0.0,0.0175438596491,57,17.8245614035,9.56140350877,0.245614035088,0.105263157895,0.0701754385965,0.0,0.157894736842,0.0,0.0,0.105263157895,0.0350877192982,15.0271903323,14.761355541,0.0706681362792
10309,3.3,83,3.80769230769,53,1.29487179487,1.05128205128,0.24358974359,0.0,78,15.8333333333,9.26923076923,0.25641025641,0.0512820512821,0.0512820512821,0.0384615384615,0.0897435897436,0.0,0.0128205128205,0.141025641026,0.0,15.033492823,14.8157595172,0.0474077924496
10310,3.875,43,4.0,59,0.22641509434,0.207547169811,0.0188679245283,0.0,53,18.0,10.0188679245,0.264150943396,0.0754716981132,0.0188679245283,0.0188679245283,0.0566037735849,0.0188679245283,0.0943396226415,0.11320754717,0.0,16.8945454545,16.2712758555,0.388464992977
10311,0.0,0,5.0,1,1.0,0.0,1.0,0.0,1,19.0,11.0,1.0,0.0,0.0,0.0,0.0,0.0,0.0,0.0,0.0,17.6,17.1698736566,0.185008671297
10312,3.875,18,4.0,49,0.0131578947368,0.0,0.0131578947368,0.0,76,16.3947368421,9.71052631579,0.25,0.0789473684211,0.0921052631579,0.0,0.105263157895,0.0,0.0,0.144736842105,0.0,15.6893203883,15.1234332156,0.32022829223
10314,3.75,50,4.28571428571,57,0.178770949721,0.111731843575,0.0614525139665,0.00558659217877,179,17.3016759777,10.0279329609,0.268156424581,0.0782122905028,0.0446927374302,0.0446927374302,0.0446927374302,0.00558659217877,0.0111731843575,0.111731843575,0.00558659217877,15.8333333333,15.6470957548,0.0346844356562
10317,0.0,0,0.0,0,510.0,361.0,98.0,47.0,1,17.0,5.0,0.0,0.0,0.0,0.0,0.0,0.0,0.0,0.0,0.0,14.75,14.0767573696,0.453255639365
10451,3.5,65,4.0,36,1.27777777778,0.814814814815,0.271604938272,0.172839506173,162,14.9567901235,8.01851851852,0.41975308642,0.0802469135802,0.0,0.0123456790123,0.00617283950617,0.0246913580247,0.037037037037,0.0987654320988,0.0308641975309,13.7305045872,13.9104320807,0.0323739029336
10452,3.25,30,4.375,25,4.3786407767,2.68932038835,0.893203883495,0.766990291262,103,18.4660194175,10.2524271845,0.0776699029126,0.145631067961,0.0,0.0,0.0,0.21359223301,0.0194174757282,0.0776699029126,0.116504854369,15.213036566,15.1053412698,0.0115982768279
10453,0.0,0,4.0,16,1.96739130435,1.19565217391,0.652173913043,0.0978260869565,92,20.1086956522,11.097826087,0.0652173913043,0.195652173913,0.0,0.0,0.0,0.152173913043,0.054347826087,0.0978260869565,0.0869565217391,15.1598023064,15.5924919684,0.187220343592
10454,4.16666666667,76,4.25,92,3.78571428571,2.57142857143,0.685714285714,0.514285714286,70,21.4428571429,12.2,0.157142857143,0.185714285714,0.0142857142857,0.0,0.0,0.1,0.1,0.0857142857143,0.114285714286,14.8396793587,15.1369355183,0.0883612244388
10455,4.16666666667,10,4.25,26,5.82178217822,2.07920792079,0.792079207921,2.90099009901,101,19.5247524752,10.6237623762,0.0990099009901,0.0891089108911,0.0,0.0,0.019801980198,0.0990099009901,0.148514851485,0.0990099009901,0.0891089108911,15.2339449541,15.3884806191,0.0238812717658
10456,0.0,0,4.1,24,0.0322580645161,0.0322580645161,0.0,0.0,93,18.8494623656,10.4086021505,0.0860215053763,0.225806451613,0.0,0.010752688172,0.0,0.10752688172,0.0,0.0860215053763,0.0537634408602,14.3484848485,14.5089332009,0.025743673776
10457,3.25,2,4.5,8,10.0795454545,7.125,2.59090909091,0.238636363636,88,17.6818181818,9.02272727273,0.125,0.170454545455,0.0,0.0113636363636,0.0,0.125,0.0340909090909,0.0681818181818,0.170454545455,14.693359375,14.4892932748,0.0416429732392
10458,3.72222222222,33,4.13333333333,112,1.3544973545,0.994708994709,0.328042328042,0.021164021164,189,18.1481481481,9.94708994709,0.169312169312,0.121693121693,0.010582010582,0.037037037037,0.0952380952381,0.0899470899471,0.0529100529101,0.121693121693,0.042328042328,15.1645796064,15.333821402,0.0286427853818
10459,0.0,0,4.0,6,4.01351351351,2.97297297297,0.77027027027,0.243243243243,74,19.3648648649,10.8108108108,0.0945945945946,0.162162162162,0.0,0.0,0.0,0.148648648649,0.027027027027,0.135135135135,0.0675675675676,14.3861788618,14.6552626822,0.072406102398
10460,0.0,0,4.25,35,4.36764705882,3.10294117647,1.11764705882,0.117647058824,68,14.7205882353,7.38235294118,0.205882352941,0.191176470588,0.0,0.0147058823529,0.0,0.117647058824,0.0147058823529,0.117647058824,0.0294117647059,12.8766756032,13.709167429,0.693042640057
10461,3.96666666667,28,4.07142857143,105,1.87261146497,1.33121019108,0.477707006369,0.0445859872611,157,16.2738853503,8.93630573248,0.178343949045,0.108280254777,0.0254777070064,0.0445859872611,0.0700636942675,0.0382165605096,0.0191082802548,0.101910828025,0.031847133758,14.1333333333,14.2633026615,0.0168920262728
10462,3.5625,29,4.10714285714,100,3.13907284768,2.37086092715,0.715231788079,0.0331125827815,151,17.5165562914,9.50993377483,0.192052980132,0.12582781457,0.0,0.0264900662252,0.0198675496689,0.0596026490066,0.0397350993377,0.119205298013,0.0132450331126,14.3890746934,14.6383505628,0.0621384590666
10463,3.7,100,4.11764705882,101,2.11450381679,1.4427480916,0.63358778626,0.0229007633588,131,16.4122137405,9.0,0.24427480916,0.114503816794,0.0229007633588,0.0381679389313,0.0152671755725,0.0687022900763,0.0381679389313,0.0916030534351,0.0229007633588,14.2449799197,14.2786271804,0.00113213815261
10464,4.0,14,3.63636363636,153,15.5405405405,11.1621621622,3.2972972973,1.0,37,21.4324324324,11.4054054054,0.378378378378,0.027027027027,0.027027027027,0.0,0.0810810810811,0.027027027027,0.0,0.027027027027,0.027027027027,16.71875,16.4117574224,0.0942444426769
10465,3.42857142857,40,4.0,119,1.96202531646,1.54430379747,0.417721518987,0.0,79,17.6708860759,9.3164556962,0.354430379747,0.113924050633,0.0379746835443,0.0632911392405,0.0379746835443,0.0379746835443,0.0506329113924,0.126582278481,0.0126582278481,14.614379085,14.7083376317,0.00882820850496
10466,0.0,0,4.4,32,6.29032258065,4.49462365591,1.33333333333,0.397849462366,93,18.688172043,10.3225806452,0.10752688172,0.161290322581,0.0,0.0,0.0,0.0215053763441,0.0,0.0752688172043,0.010752688172,14.9705372617,14.4152147245,0.308383120341
10467,4.0,32,4.125,34,2.08588957055,1.50306748466,0.564417177914,0.0122699386503,163,16.9202453988,9.20858895706,0.079754601227,0.177914110429,0.0,0.0184049079755,0.0,0.0552147239264,0.0490797546012,0.147239263804,0.0613496932515,14.614806867,14.5401092666,0.00557973150808
10468,4.0,88,4.0,60,3.85714285714,2.90476190476,0.771428571429,0.0952380952381,105,19.4380952381,10.4857142857,0.0952380952381,0.12380952381,0.0,0.0285714285714,0.0,0.0952380952381,0.0857142857143,0.12380952381,0.0666666666667,15.3681073025,15.4651682253,0.0094208227309
10469,3.5,38,4.05555555556,31,5.33333333333,3.44444444444,1.46666666667,0.411111111111,90,20.3222222222,11.2888888889,0.111111111111,0.144444444444,0.0,0.0222222222222,0.0222222222222,0.0444444444444,0.0,0.155555555556,0.0,15.597972973,15.8615519174,0.0694738599461
10470,3.42857142857,15,3.5,64,12.4565217391,8.67391304348,3.36956521739,0.369565217391,46,17.8260869565,9.71739130435,0.217391304348,0.0652173913043,0.0,0.0,0.0434782608696,0.0,0.0,0.108695652174,0.0,14.8156028369,14.7312031798,0.00712330211667
10471,3.8,62,3.92857142857,66,9.81632653061,7.67346938776,1.91836734694,0.183673469388,49,16.3265306122,9.04081632653,0.387755102041,0.0816326530612,0.0408163265306,0.0,0.0408163265306,0.0204081632653,0.0204081632653,0.122448979592,0.0,13.8430656934,13.9967237969,0.0236108127782
10472,4.0,18,4.07142857143,26,4.81308411215,3.1214953271,1.42990654206,0.224299065421,107,17.5794392523,9.66355140187,0.0654205607477,0.140186915888,0.0,0.0,0.0,0.158878504673,0.0934579439252,0.102803738318,0.0934579439252,14.3492063492,14.936654913,0.345095815074
10473,5.0,2,5.0,2,13.4827586207,9.51724137931,2.79310344828,1.0,29,16.724137931,9.51724137931,0.103448275862,0.310344827586,0.0,0.0,0.0,0.0344827586207,0.0,0.103448275862,0.172413793103,14.813253012,14.8128745272,1.43250717874e-07
10474,0.0,0,3.83333333333,11,6.78947368421,4.42105263158,1.97368421053,0.342105263158,38,18.0526315789,9.92105263158,0.263157894737,0.105263157895,0.0,0.0526315789474,0.0,0.157894736842,0.0263157894737,0.105263157895,0.131578947368,13.8755364807,14.1604524501,0.0811771096045
10475,2.75,37,2.8,67,10.186440678,6.08474576271,2.76271186441,1.28813559322,59,14.2542372881,8.01694915254,0.237288135593,0.118644067797,0.0169491525424,0.0338983050847,0.0169491525424,0.0,0.0,0.0677966101695,0.0,14.4093959732,14.4235602495,0.000200626724074
10528,3.875,32,4.5,42,289.0,225.0,61.0,3.0,1,2.0,1.0,1.0,0.0,0.0,0.0,0.0,0.0,0.0,0.0,0.0,10.0,9.47142857143,0.279387755102
10605,3.83333333333,69,3.92857142857,100,376.0,273.0,78.0,19.0,1,17.0,13.0,0.0,0.0,0.0,0.0,0.0,0.0,0.0,0.0,0.0,14.8333333333,16.0592439524,1.50285684599
11001,4.0,36,4.21875,57,195.0,132.5,44.5,16.0,2,20.0,10.0,0.5,0.0,0.0,0.0,0.0,0.0,0.0,0.5,0.0,16.9166666667,16.257250686,0.434829435667
11004,0.0,0,4.0,80,9.13333333333,5.93333333333,3.06666666667,0.1,30,20.2333333333,11.2,0.0333333333333,0.0666666666667,0.0,0.0,0.0,0.0,0.0,0.0666666666667,0.0,15.8756476684,15.9861318707,0.0122067589538
11005,0.0,0,0.0,0,97.0,73.0,22.5,1.0,2,20.0,14.0,0.5,0.0,0.0,0.0,0.0,0.0,0.0,0.0,0.0,21.5,16.160426656,28.5110434959
11040,3.88888888889,62,4.1,119,26.6666666667,18.6111111111,7.66666666667,0.222222222222,18,20.8333333333,11.6666666667,0.388888888889,0.166666666667,0.0,0.0,0.111111111111,0.0,0.0,0.0555555555556,0.0555555555556,16.0517241379,16.1594821087,0.0116117802752
11101,4.27272727273,123,4.375,226,0.465384615385,0.35,0.107692307692,0.00769230769231,260,18.6961538462,10.4346153846,0.369230769231,0.0307692307692,0.0307692307692,0.0615384615385,0.0384615384615,0.0307692307692,0.0192307692308,0.0423076923077,0.0307692307692,14.9462705436,14.9807022948,0.00118554548972
11102,4.2,155,4.22222222222,216,4.3023255814,3.03488372093,0.96511627907,0.267441860465,86,16.7790697674,9.37209302326,0.220930232558,0.0813953488372,0.0,0.0697674418605,0.0232558139535,0.0116279069767,0.046511627907,0.127906976744,0.0232558139535,14.3131313131,14.3821323884,0.00476114839808
11103,4.18181818182,231,4.30769230769,396,1.51643192488,1.07511737089,0.384976525822,0.0469483568075,213,19.1549295775,10.3943661972,0.192488262911,0.0422535211268,0.0281690140845,0.0657276995305,0.018779342723,0.037558685446,0.037558685446,0.0657276995305,0.0234741784038,14.4590163934,14.6829187098,0.0501322472855
11104,3.75,102,4.13636363636,210,2.54464285714,1.97321428571,0.375,0.151785714286,112,19.0803571429,10.5,0.1875,0.0803571428571,0.0357142857143,0.0357142857143,0.0535714285714,0.0625,0.0267857142857,0.0714285714286,0.0267857142857,15.6558345643,15.5316653265,0.015417999613
11105,4.1,63,4.25,315,0.932835820896,0.783582089552,0.126865671642,0.00746268656716,134,18.6865671642,10.4776119403,0.208955223881,0.044776119403,0.0522388059701,0.0671641791045,0.0522388059701,0.0,0.0223880597015,0.0597014925373,0.0149253731343,14.5296208531,14.7574899366,0.0519243191943
11106,4.1875,136,4.27272727273,361,1.51533742331,1.0736196319,0.411042944785,0.0122699386503,163,20.6748466258,11.6257668712,0.171779141104,0.0858895705521,0.0368098159509,0.0368098159509,0.0429447852761,0.0429447852761,0.0490797546012,0.079754601227,0.0306748466258,15.2803308824,15.7462729466,0.217102007154
11109,3.625,236,4.5,493,54.8571428571,41.8571428571,11.5714285714,1.28571428571,7,16.7142857143,8.57142857143,0.285714285714,0.142857142857,0.0,0.142857142857,0.142857142857,0.285714285714,0.0,0.0,0.0,14.4054054054,14.4362827841,0.000953412513619
11201,3.85714285714,170,4.0625,494,1.98270893372,1.36023054755,0.472622478386,0.135446685879,347,17.8443804035,9.91354466859,0.308357348703,0.0403458213256,0.0403458213256,0.0806916426513,0.0489913544669,0.0115273775216,0.0317002881844,0.0576368876081,0.0201729106628,14.4473180077,14.7400414219,0.0856869972176
11203,4.33333333333,27,3.9,109,1.86013986014,1.46153846154,0.391608391608,0.0,143,19.7272727273,10.972027972,0.111888111888,0.111888111888,0.0,0.013986013986,0.0,0.0,0.0,0.034965034965,0.0,15.6852678571,15.7191708691,0.00114941422267
11204,3.75,20,3.85,97,1.872,1.392,0.432,0.04,125,21.16,12.056,0.04,0.232,0.048,0.056,0.048,0.008,0.024,0.08,0.0,16.3589108911,16.2194081129,0.0194610251295
11205,4.16666666667,118,4.375,165,2.75,1.88571428571,0.664285714286,0.178571428571,140,20.0142857143,11.1,0.285714285714,0.0642857142857,0.0357142857143,0.0714285714286,0.0214285714286,0.05,0.0428571428571,0.05,0.0214285714286,14.8800436205,15.2681565292,0.150631629861
11206,4.15,103,4.36363636364,262,0.503311258278,0.298013245033,0.205298013245,0.0,151,17.8278145695,9.95364238411,0.218543046358,0.0860927152318,0.0132450331126,0.0728476821192,0.00662251655629,0.0529801324503,0.0662251655629,0.0860927152318,0.0662251655629,15.2355605889,15.1442005393,0.00834665866083
11207,4.875,14,4.83333333333,34,0.00709219858156,0.0,0.0,0.0,141,19.2340425532,10.7163120567,0.13475177305,0.205673758865,0.00709219858156,0.0141843971631,0.00709219858156,0.0709219858156,0.0,0.0921985815603,0.120567375887,15.1013363029,15.1898736278,0.00783885790601
11208,4.0,9,4.0,47,0.0178571428571,0.0178571428571,0.0,0.0,112,21.6339285714,12.4285714286,0.0535714285714,0.196428571429,0.0,0.00892857142857,0.0,0.107142857143,0.0446428571429,0.0982142857143,0.116071428571,16.2639791938,16.4478776974,0.0338186596148
11209,3.97368421053,80,4.25,158,0.55303030303,0.378787878788,0.132575757576,0.0378787878788,264,17.2575757576,9.26893939394,0.246212121212,0.0871212121212,0.0378787878788,0.0378787878788,0.0606060606061,0.00378787878788,0.030303030303,0.0871212121212,0.00757575757576,14.4696569921,14.7212446376,0.0632963433481
11210,3.16666666667,55,4.0625,38,8.0,5.25581395349,1.82558139535,0.779069767442,86,17.6627906977,9.62790697674,0.127906976744,0.174418604651,0.0116279069767,0.0232558139535,0.0,0.0,0.0,0.046511627907,0.0116279069767,15.0491159136,14.7551036242,0.0864432263182
11211,4.41666666667,99,4.54545454545,368,1.29365079365,0.875661375661,0.253968253968,0.150793650794,378,18.9682539683,10.3068783069,0.338624338624,0.0396825396825,0.021164021164,0.0740740740741,0.037037037037,0.0502645502646,0.042328042328,0.0555555555556,0.0132275132275,14.7346053773,14.7983139949,0.00405878795905
11212,3.5,2,4.2,11,1.47747747748,1.04504504505,0.27027027027,0.0630630630631,111,18.7927927928,10.2792792793,0.0900900900901,0.225225225225,0.0,0.018018018018,0.0,0.018018018018,0.0,0.0900900900901,0.036036036036,15.5208333333,15.0196611632,0.251173544034
11213,0.0,0,4.5,25,1.15730337079,0.85393258427,0.247191011236,0.0561797752809,89,20.5842696629,11.5842696629,0.123595505618,0.202247191011,0.0,0.0112359550562,0.0,0.0112359550562,0.0,0.0224719101124,0.0224719101124,16.4964788732,16.2656143868,0.0532984110728
11214,4.25,37,4.1875,78,1.13736263736,0.631868131868,0.203296703297,0.28021978022,182,19.5164835165,11.032967033,0.115384615385,0.263736263736,0.0549450549451,0.0384615384615,0.0274725274725,0.0164835164835,0.032967032967,0.10989010989,0.010989010989,16.1792114695,15.9962065557,0.033490798477
11215,4.14705882353,170,4.18421052632,283,0.223796033994,0.186968838527,0.0339943342776,0.0,353,18.7082152975,10.4900849858,0.28895184136,0.0481586402266,0.0311614730878,0.0793201133144,0.0623229461756,0.0226628895184,0.0538243626062,0.0651558073654,0.0113314447592,15.0841908326,15.0682525567,0.000254028639575
11216,4.21428571429,33,4.5,96,1.25153374233,0.80981595092,0.300613496933,0.128834355828,163,17.9141104294,9.84662576687,0.141104294479,0.104294478528,0.0245398773006,0.0736196319018,0.00613496932515,0.0184049079755,0.0368098159509,0.0613496932515,0.0245398773006,15.5951374207,15.0070316402,0.345868409115
11217,4.30769230769,123,4.1875,238,0.328185328185,0.243243243243,0.0772200772201,0.00772200772201,259,16.9034749035,9.20463320463,0.27027027027,0.042471042471,0.03861003861,0.0579150579151,0.042471042471,0.023166023166,0.027027027027,0.0540540540541,0.015444015444,13.6705653021,14.0236467681,0.124666521625
11218,4.1875,117,4.14285714286,165,0.253623188406,0.13768115942,0.0942028985507,0.0144927536232,138,21.152173913,11.9492753623,0.130434782609,0.101449275362,0.00724637681159,0.0289855072464,0.0217391304348,0.0144927536232,0.0724637681159,0.0942028985507,0.0289855072464,16.1800894855,16.0339933693,0.0213440751696
11219,3.5,66,4.125,84,1.07407407407,0.675925925926,0.388888888889,0.00925925925926,108,19.9074074074,11.0,0.0555555555556,0.240740740741,0.0277777777778,0.0,0.0555555555556,0.0277777777778,0.0648148148148,0.0555555555556,0.037037037037,15.6554252199,15.9880617978,0.110647092927
11220,4.0,31,4.18181818182,159,0.365930599369,0.249211356467,0.110410094637,0.00630914826498,317,21.1388012618,12.5646687697,0.0567823343849,0.375394321767,0.0157728706625,0.0473186119874,0.00630914826498,0.0630914826498,0.0567823343849,0.0441640378549,0.00946372239748,17.4576271186,17.1869575257,0.0732620285098
11221,4.3125,45,4.5,108,0.991071428571,0.705357142857,0.276785714286,0.00892857142857,112,16.1071428571,8.6875,0.125,0.214285714286,0.0,0.0803571428571,0.0178571428571,0.0714285714286,0.0178571428571,0.107142857143,0.0982142857143,15.6123893805,15.1264350641,0.236151597656
11222,4.14705882353,151,4.17647058824,179,0.8,0.54,0.26,0.0,200,17.62,9.74,0.3,0.04,0.02,0.105,0.035,0.005,0.03,0.055,0.005,15.1922739245,15.1309126837,0.00376520187567
11223,3.68181818182,26,4.22727272727,289,1.56989247312,1.18817204301,0.311827956989,0.0268817204301,186,17.3709677419,9.34408602151,0.123655913978,0.112903225806,0.0161290322581,0.0537634408602,0.0483870967742,0.00537634408602,0.0537634408602,0.0752688172043,0.0161290322581,15.1207224335,14.9808839733,0.0195547949447
11224,3.66666666667,55,3.83333333333,278,1.48051948052,1.03896103896,0.441558441558,0.0,77,15.0519480519,7.77922077922,0.363636363636,0.103896103896,0.012987012987,0.012987012987,0.012987012987,0.012987012987,0.025974025974,0.103896103896,0.025974025974,13.6598984772,13.8577476319,0.03914428802
11225,4.125,58,4.33333333333,66,0.327586206897,0.258620689655,0.0689655172414,0.0,116,15.9051724138,8.87931034483,0.112068965517,0.120689655172,0.00862068965517,0.0603448275862,0.0,0.00862068965517,0.0172413793103,0.0775862068966,0.00862068965517,14.7903225806,14.7177857906,0.00526158590185
11226,3.83333333333,17,4.25,154,0.0154639175258,0.0103092783505,0.0,0.0,194,20.2164948454,11.1701030928,0.0927835051546,0.149484536082,0.00515463917526,0.020618556701,0.0,0.0103092783505,0.020618556701,0.0721649484536,0.020618556701,15.7547923323,15.7700559823,0.000232979012282
11228,4.5,6,4.33333333333,94,10.9122807018,7.15789473684,3.33333333333,0.263157894737,57,17.9824561404,10.0175438596,0.228070175439,0.157894736842,0.0175438596491,0.0175438596491,0.105263157895,0.0,0.0701754385965,0.157894736842,0.0,14.382183908,14.8984660843,0.266547285524
11229,4.25,46,4.0,176,3.00740740741,2.11111111111,0.748148148148,0.118518518519,135,19.837037037,11.2,0.125925925926,0.185185185185,0.0814814814815,0.037037037037,0.0148148148148,0.0,0.0222222222222,0.140740740741,0.0,16.2514827995,16.1211009148,0.0169994358526
11230,3.83333333333,120,3.9375,357,2.40952380952,1.65714285714,0.685714285714,0.0380952380952,105,21.5428571429,12.1333333333,0.104761904762,0.047619047619,0.00952380952381,0.0380952380952,0.0190476190476,0.00952380952381,0.0190476190476,0.104761904762,0.0190476190476,16.2510578279,16.0061463534,0.0599816303177
11231,4.19444444444,93,4.21052631579,278,3.2049689441,2.24844720497,0.850931677019,0.0807453416149,161,17.3913043478,9.57142857143,0.378881987578,0.0372670807453,0.0310559006211,0.0807453416149,0.0496894409938,0.0186335403727,0.0310559006211,0.0807453416149,0.0,14.2096944152,14.3139940128,0.0108784060643
11232,3.9,29,4.45,123,3.34545454545,2.29090909091,0.854545454545,0.172727272727,110,19.3090909091,11.1545454545,0.163636363636,0.154545454545,0.0,0.0272727272727,0.00909090909091,0.0909090909091,0.0909090909091,0.0545454545455,0.0727272727273,16.6390977444,16.1678600672,0.222064948426
11233,4.125,54,4.27777777778,169,2.84931506849,1.98630136986,0.58904109589,0.232876712329,73,14.6164383562,8.15068493151,0.13698630137,0.232876712329,0.0,0.027397260274,0.013698630137,0.013698630137,0.0,0.041095890411,0.0,15.5404624277,15.2246376966,0.0997452607906
11234,4.25,45,4.16666666667,70,0.755244755245,0.559440559441,0.160839160839,0.034965034965,143,17.1608391608,9.11188811189,0.20979020979,0.160839160839,0.020979020979,0.013986013986,0.0559440559441,0.0,0.00699300699301,0.0909090909091,0.0,13.9719853837,14.7041766304,0.536104021715
11235,3.55555555556,37,4.06666666667,172,2.64942528736,1.94827586207,0.454022988506,0.218390804598,174,18.4885057471,10.183908046,0.16091954023,0.0632183908046,0.0804597701149,0.0402298850575,0.0287356321839,0.0,0.0114942528736,0.0574712643678,0.0,15.0424300868,15.2673919898,0.050607857786
11236,3.0,25,3.875,35,0.41592920354,0.318584070796,0.0796460176991,0.00884955752212,113,18.5132743363,10.0442477876,0.106194690265,0.247787610619,0.0,0.0176991150442,0.00884955752212,0.00884955752212,0.0,0.0796460176991,0.0,15.2217261905,15.0336534324,0.0353713623275
11237,4.23333333333,73,4.28571428571,113,0.457286432161,0.326633165829,0.120603015075,0.0,199,17.4472361809,9.78391959799,0.201005025126,0.0753768844221,0.0251256281407,0.0653266331658,0.0150753768844,0.0653266331658,0.115577889447,0.0552763819095,0.0904522613065,15.5904590459,15.4864293014,0.0108221877401
11238,4.21052631579,81,4.32352941176,131,0.361445783133,0.281124497992,0.0803212851406,0.0,249,16.7510040161,9.1686746988,0.349397590361,0.0481927710843,0.0281124497992,0.0763052208835,0.0522088353414,0.0160642570281,0.0562248995984,0.0441767068273,0.00401606425703,14.580715851,14.5651750792,0.000241515587607
11239,2.6,105,3.1,69,16.375,11.8125,3.625,0.875,16,7.0,4.375,0.3125,0.0625,0.0,0.0625,0.0625,0.0,0.0,0.125,0.0,12.5333333333,11.3138086239,1.48724051695
11242,0.0,0,0.0,0,108.0,59.0,42.0,7.0,1,36.0,18.0,0.0,0.0,0.0,0.0,0.0,0.0,0.0,0.0,0.0,18.2,17.5375996485,0.438774225671
11249,4.21428571429,201,4.25,166,0.779141104294,0.527607361963,0.21472392638,0.0368098159509,163,17.7607361963,9.61963190184,0.398773006135,0.0184049079755,0.0368098159509,0.134969325153,0.0674846625767,0.00613496932515,0.0429447852761,0.0122699386503,0.00613496932515,15.1206140351,15.1153549078,2.76584199576e-05
11256,0.0,0,0.0,0,163.0,117.0,42.0,4.0,1,6.0,3.0,1.0,0.0,0.0,0.0,0.0,0.0,0.0,0.0,0.0,10.0,9.13630012736,0.745977469992
11352,0.0,0,0.0,0,202.0,145.0,50.0,6.0,1,23.0,17.0,0.0,1.0,0.0,0.0,0.0,0.0,0.0,0.0,0.0,25.1666666667,22.5238034395,6.9847260379
11354,4.27777777778,38,4.27272727273,345,0.79177377892,0.562982005141,0.203084832905,0.0179948586118,389,20.0899742931,12.1748071979,0.0565552699229,0.349614395887,0.025706940874,0.0616966580977,0.0025706940874,0.0025706940874,0.0,0.0179948586118,0.0,17.1803278689,16.8485636045,0.110067527152
11355,4.08333333333,9,4.13333333333,196,0.743842364532,0.566502463054,0.152709359606,0.0147783251232,203,21.3004926108,12.8325123153,0.0591133004926,0.453201970443,0.00492610837438,0.0246305418719,0.0,0.0246305418719,0.0,0.0394088669951,0.00492610837438,17.22,16.8966349326,0.104564966842
11356,3.77777777778,25,3.85294117647,74,2.17307692308,1.61538461538,0.538461538462,0.0192307692308,52,16.7884615385,9.48076923077,0.153846153846,0.211538461538,0.0192307692308,0.0192307692308,0.0576923076923,0.0576923076923,0.0384615384615,0.0961538461538,0.0576923076923,14.06,14.1277828636,0.00459451659511
11357,4.16666666667,22,4.21428571429,60,1.21538461538,0.907692307692,0.292307692308,0.0,65,17.7230769231,9.73846153846,0.184615384615,0.107692307692,0.0153846153846,0.0153846153846,0.2,0.0153846153846,0.0,0.0923076923077,0.0,14.0792838875,15.1566097539,1.16063102247
11358,4.04545454545,19,4.28571428571,116,0.377622377622,0.258741258741,0.118881118881,0.0,143,19.2517482517,10.8181818182,0.0909090909091,0.0629370629371,0.048951048951,0.041958041958,0.020979020979,0.020979020979,0.00699300699301,0.0629370629371,0.013986013986,15.3767123288,15.3009308333,0.00574283506022
11360,0.0,0,4.0,101,2.52,1.84,0.64,0.0,25,18.6,10.08,0.4,0.04,0.0,0.04,0.04,0.0,0.0,0.08,0.0,14.4640522876,14.4965553042,0.00105644608661
11361,3.73529411765,120,4.09375,228,0.465517241379,0.301724137931,0.155172413793,0.0,116,17.5689655172,9.43965517241,0.215517241379,0.0862068965517,0.0344827586207,0.051724137931,0.0431034482759,0.0172413793103,0.00862068965517,0.0775862068966,0.00862068965517,14.2218978102,14.3457818568,0.0153472569935
11362,3.75,32,4.0,145,1.04081632653,0.714285714286,0.285714285714,0.0408163265306,49,19.4081632653,11.2653061224,0.122448979592,0.163265306122,0.0612244897959,0.0408163265306,0.0816326530612,0.0,0.0204081632653,0.0816326530612,0.0204081632653,15.6777408638,15.8035325439,0.015823546786
11363,4.5,8,4.25,52,3.30769230769,1.92307692308,1.30769230769,0.0769230769231,13,18.1538461538,10.3076923077,0.384615384615,0.153846153846,0.0,0.0,0.153846153846,0.0,0.0,0.0769230769231,0.0,15.08,14.7777512768,0.0913542906657
11364,3.5,21,4.25,121,0.94,0.56,0.34,0.0,50,20.9,11.96,0.12,0.14,0.08,0.0,0.06,0.0,0.0,0.1,0.0,15.1642228739,15.4559320774,0.0850942593883
11365,3.33333333333,122,3.92857142857,107,10.75,7.86363636364,2.75,0.0454545454545,44,17.1136363636,9.11363636364,0.204545454545,0.181818181818,0.0454545454545,0.0227272727273,0.0227272727273,0.0227272727273,0.0454545454545,0.113636363636,0.0227272727273,14.420233463,14.4176631548,6.60648405208e-06
11366,2.5,46,3.65,90,1.5,1.09677419355,0.370967741935,0.0161290322581,62,17.1612903226,9.24193548387,0.112903225806,0.145161290323,0.0322580645161,0.0,0.0161290322581,0.0,0.0161290322581,0.0806451612903,0.0161290322581,15.3110465116,15.0456481378,0.0704362968051
11367,3.625,26,3.88888888889,109,4.29090909091,3.14545454545,1.14545454545,0.0,55,18.5818181818,10.4909090909,0.127272727273,0.109090909091,0.0,0.0,0.0,0.0181818181818,0.0,0.0727272727273,0.0181818181818,14.9005847953,15.0004321165,0.00996948755139
11368,3.8,39,4.31818181818,191,0.852842809365,0.565217391304,0.260869565217,0.0200668896321,299,19.0066889632,10.6387959866,0.240802675585,0.0702341137124,0.0,0.0133779264214,0.0066889632107,0.19397993311,0.110367892977,0.0401337792642,0.110367892977,15.615640599,15.7282051197,0.0126707713172
11369,3.25,25,4.0,53,0.638554216867,0.506024096386,0.132530120482,0.0,83,18.421686747,9.95180722892,0.33734939759,0.0602409638554,0.0120481927711,0.0240963855422,0.0120481927711,0.0963855421687,0.0120481927711,0.0361445783133,0.0481927710843,13.8711433757,15.1351995133,1.59783791903
11370,4.0,34,4.25,165,0.111111111111,0.0740740740741,0.037037037037,0.0,27,19.5185185185,10.7407407407,0.185185185185,0.148148148148,0.0,0.0,0.111111111111,0.0,0.0,0.0740740740741,0.037037037037,14.2191011236,14.4920242328,0.0744870235588
11371,4.5,54,0.0,0,0.0571428571429,0.0285714285714,0.0285714285714,0.0,35,9.94285714286,5.17142857143,0.428571428571,0.0,0.0,0.0285714285714,0.0285714285714,0.0,0.0,0.0571428571429,0.0,12.0,12.1326070207,0.0175846219488
11372,3.875,50,4.25,183,0.48502994012,0.389221556886,0.0928143712575,0.00299401197605,334,22.2604790419,12.8173652695,0.0688622754491,0.0479041916168,0.0119760479042,0.0179640718563,0.0059880239521,0.194610778443,0.0898203592814,0.0359281437126,0.12874251497,16.4743533538,16.3174116942,0.0246306845046
11373,3.33333333333,54,4.13333333333,250,0.0941704035874,0.0493273542601,0.0448430493274,0.0,223,20.9192825112,12.0,0.116591928251,0.139013452915,0.0179372197309,0.0538116591928,0.0134529147982,0.067264573991,0.0448430493274,0.0358744394619,0.0538116591928,16.1681850035,16.169297057,1.23666290109e-06
11374,3.5,127,4.11111111111,156,0.738636363636,0.534090909091,0.147727272727,0.0454545454545,88,17.8295454545,10.5227272727,0.159090909091,0.102272727273,0.0568181818182,0.0227272727273,0.0113636363636,0.0340909090909,0.0,0.0681818181818,0.0113636363636,15.1115459883,15.1593622013,0.00228639022402
11375,4.0,191,4.23076923077,244,0.549222797927,0.383419689119,0.150259067358,0.0103626943005,193,18.8756476684,10.4870466321,0.186528497409,0.0725388601036,0.0569948186528,0.0362694300518,0.0569948186528,0.020725388601,0.0155440414508,0.0777202072539,0.0103626943005,14.706557377,15.3147300488,0.369873998783
11377,4.0,93,4.3125,351,0.0234741784038,0.0093896713615,0.0093896713615,0.0,213,19.9671361502,10.9624413146,0.136150234742,0.093896713615,0.0093896713615,0.037558685446,0.0093896713615,0.136150234742,0.056338028169,0.0469483568075,0.056338028169,15.7244744745,15.6518066992,0.00528060557079
11378,4.0,20,4.5,119,0.0,0.0,0.0,0.0,78,20.1666666667,11.3846153846,0.24358974359,0.153846153846,0.025641025641,0.0,0.0128205128205,0.025641025641,0.0128205128205,0.179487179487,0.0128205128205,14.9922630561,15.5813453334,0.347017929405
11379,4.16666666667,39,4.28571428571,73,0.0,0.0,0.0,0.0,49,17.1836734694,9.12244897959,0.122448979592,0.122448979592,0.0204081632653,0.0204081632653,0.0816326530612,0.0204081632653,0.0,0.163265306122,0.0612244897959,14.0,14.3506853758,0.122980232782
11385,4.5,20,4.4,112,0.0,0.0,0.0,0.0,265,18.9320754717,10.4566037736,0.192452830189,0.101886792453,0.0188679245283,0.0981132075472,0.022641509434,0.0754716981132,0.0301886792453,0.116981132075,0.0301886792453,14.9655808236,15.0459806526,0.00646413249864
11411,2.5,4,4.33333333333,8,0.0,0.0,0.0,0.0,25,19.96,10.96,0.04,0.2,0.0,0.0,0.0,0.0,0.0,0.0,0.0,17.8095238095,17.3178945891,0.241699290337
11412,1.0,1,3.75,12,0.0,0.0,0.0,0.0,44,17.5681818182,9.68181818182,0.0909090909091,0.181818181818,0.0,0.0,0.0,0.0,0.0,0.181818181818,0.0,14.0524344569,14.4902393902,0.191673159639
11413,4.0,1,3.6,40,0.0,0.0,0.0,0.0,41,16.4146341463,9.07317073171,0.19512195122,0.146341463415,0.0,0.0,0.0,0.0,0.0,0.0487804878049,0.0,15.2105263158,14.4377276146,0.597217832612
11414,3.75,68,3.83333333333,106,0.0,0.0,0.0,0.0,49,19.9387755102,11.3469387755,0.142857142857,0.102040816327,0.0816326530612,0.0204081632653,0.102040816327,0.0,0.0,0.102040816327,0.0204081632653,14.7828746177,15.2871332722,0.254276790595
11415,3.25,107,3.95454545455,127,0.0,0.0,0.0,0.0,40,19.975,11.125,0.225,0.1,0.025,0.05,0.0,0.0,0.0,0.075,0.025,15.7298387097,15.6358321575,0.00883723185277
11416,4.0,3,3.5,25,0.0,0.0,0.0,0.0,42,22.2380952381,12.1904761905,0.214285714286,0.166666666667,0.0,0.0,0.0,0.047619047619,0.0238095238095,0.142857142857,0.047619047619,16.456445993,16.3662236842,0.00814006500675
11417,4.625,10,4.0,35,0.0,0.0,0.0,0.0,69,19.3043478261,10.5797101449,0.260869565217,0.188405797101,0.0,0.0,0.0289855072464,0.0144927536232,0.0289855072464,0.0869565217391,0.0289855072464,16.0554216867,15.0011139372,1.11156483066
11418,4.07142857143,22,4.16666666667,49,0.0,0.0,0.0,0.0,87,18.275862069,10.1264367816,0.16091954023,0.103448275862,0.0114942528736,0.0114942528736,0.0114942528736,0.0459770114943,0.0689655172414,0.0919540229885,0.0919540229885,15.5756385069,15.2879983291,0.0827368718832
11419,3.625,8,4.0,57,0.0,0.0,0.0,0.0,93,20.7096774194,11.064516129,0.118279569892,0.161290322581,0.0,0.0,0.0322580645161,0.010752688172,0.0,0.010752688172,0.0,16.3711340206,16.6459241804,0.0755096319245
11420,3.16666666667,99,4.29166666667,58,0.0,0.0,0.0,0.0,89,18.4719101124,10.2584269663,0.292134831461,0.112359550562,0.0,0.0,0.0112359550562,0.0224719101124,0.0,0.0449438202247,0.0224719101124,14.3060498221,14.5464728631,0.0578032386492
11421,4.125,28,3.8125,28,0.0,0.0,0.0,0.0,79,18.1392405063,10.253164557,0.151898734177,0.151898734177,0.0,0.0126582278481,0.0,0.151898734177,0.0379746835443,0.113924050633,0.0886075949367,15.3305263158,15.2853702095,0.00203907393411
11422,3.25,34,3.625,44,0.0,0.0,0.0,0.0,41,19.6341463415,10.3414634146,0.170731707317,0.121951219512,0.0,0.0487804878049,0.0,0.0,0.0,0.0975609756098,0.0243902439024,15.3545816733,14.9960392901,0.128552640565
11423,3.33333333333,2,4.0,230,0.0,0.0,0.0,0.0,32,20.9375,11.65625,0.09375,0.125,0.0,0.0,0.0,0.0625,0.0625,0.03125,0.09375,16.4829268293,16.2801374161,0.0411235460902
11426,3.5,36,3.75,91,0.0,0.0,0.0,0.0,32,19.15625,10.65625,0.15625,0.125,0.03125,0.03125,0.0625,0.0,0.0,0.09375,0.0,14.0521327014,14.5075883674,0.207439863715
11427,4.5,38,4.16666666667,65,0.0,0.0,0.0,0.0,19,17.7368421053,9.15789473684,0.157894736842,0.210526315789,0.0,0.0,0.0526315789474,0.0526315789474,0.0,0.157894736842,0.0,12.8403361345,14.3067673897,2.15042062624
11428,2.75,26,3.92857142857,24,0.0,0.0,0.0,0.0,36,25.6111111111,14.5,0.0555555555556,0.194444444444,0.0,0.0277777777778,0.0,0.111111111111,0.0,0.0555555555556,0.0555555555556,17.6007462687,17.1488412951,0.20421810514
11429,2.5,2,3.5,28,0.0,0.0,0.0,0.0,24,19.9166666667,10.2916666667,0.125,0.208333333333,0.0,0.0,0.0,0.0,0.0,0.0416666666667,0.0,13.8622754491,14.1268382944,0.0699934991344
11430,3.5,37,3.5,91,0.0,0.0,0.0,0.0,152,13.7105263158,7.74342105263,0.460526315789,0.00657894736842,0.0197368421053,0.0657894736842,0.0263157894737,0.0,0.0131578947368,0.0394736842105,0.0,13.2254901961,13.7465734946,0.271527803925
11432,3.25,17,4.07692307692,62,0.0,0.0,0.0,0.0,192,18.8333333333,10.484375,0.203125,0.0989583333333,0.0208333333333,0.0260416666667,0.0,0.046875,0.00520833333333,0.03125,0.0625,15.4320882852,15.3096346278,0.0149948982218
11433,0.0,0,4.5,22,0.0,0.0,0.0,0.0,29,18.8620689655,10.275862069,0.103448275862,0.103448275862,0.0,0.0344827586207,0.0,0.0344827586207,0.0,0.172413793103,0.0344827586207,13.6581632653,14.1292507612,0.221923428772
11434,3.75,11,4.25,154,0.0,0.0,0.0,0.0,89,14.4382022472,7.76404494382,0.191011235955,0.191011235955,0.0,0.0112359550562,0.0,0.0,0.0,0.0674157303371,0.0112359550562,14.3560090703,14.312181343,0.00192086968254
11435,4.25,37,4.21428571429,64,0.0,0.0,0.0,0.0,108,20.6666666667,10.9351851852,0.212962962963,0.166666666667,0.00925925925926,0.0,0.00925925925926,0.111111111111,0.0462962962963,0.0462962962963,0.0833333333333,15.047752809,15.4921129531,0.197455937659
11436,3.5,19,3.75,13,0.0,0.0,0.0,0.0,25,18.64,10.04,0.24,0.2,0.0,0.0,0.0,0.0,0.0,0.12,0.0,16.1857142857,15.3592900241,0.682977060095
11451,0.0,0,0.0,0,0.0,0.0,0.0,0.0,1,31.0,21.0,1.0,0.0,0.0,0.0,0.0,0.0,0.0,0.0,0.0,18.375,18.0326705932,0.117189422739
11691,0.0,0,4.25,9,0.0,0.0,0.0,0.0,50,22.74,12.68,0.12,0.22,0.0,0.0,0.0,0.12,0.0,0.14,0.04,16.9110429448,16.8098304708,0.0102439648897
11692,0.0,0,3.83333333333,42,0.0,0.0,0.0,0.0,11,17.0909090909,9.90909090909,0.0909090909091,0.272727272727,0.0,0.0,0.0,0.0,0.0,0.0909090909091,0.0,14.3230769231,14.2584697549,0.00417408617802
11693,4.25,50,4.375,59,0.0,0.0,0.0,0.0,34,16.5294117647,8.41176470588,0.352941176471,0.0588235294118,0.0,0.0,0.0,0.0294117647059,0.0,0.117647058824,0.0,15.2203389831,14.304140079,0.839420431911
11694,3.66666666667,32,4.04166666667,42,0.0,0.0,0.0,0.0,40,21.075,11.875,0.2,0.125,0.025,0.0,0.025,0.025,0.05,0.1,0.0,15.1920289855,16.0029836951,0.657647541013
11697,3.25,18,3.875,20,0.0,0.0,0.0,0.0,3,30.3333333333,17.0,1.0,0.0,0.0,0.0,0.0,0.0,0.0,0.0,0.0,18.4583333333,18.097300746,0.130344529075
